country,continent,temperature_celsius,wind_mph,wind_kph,humidity,cloud,precip_mm,precip_in,pressure_mb,pressure_in,visibility_km,visibility_miles,uv_index,gust_mph,gust_kph,air_quality_Carbon_Monoxide,air_quality_Ozone,air_quality_Nitrogen_dioxide,air_quality_Sulphur_dioxide,air_quality_PM2.5,air_quality_PM10,air_quality_us-epa-index,air_quality_gb-defra-index,moon_illumination
Afghanistan,Asia,18.066666666666666,2.6166666666666663,4.258333333333334,33.583333333333336,16.083333333333332,0.049999999999999996,0.0016666666666666668,1009.8333333333334,29.815,10.0,6.0,1.9166666666666667,3.6,5.791666666666668,918.4833333333332,64.81666666666665,7.408333333333334,0.5916666666666667,14.633333333333335,25.675,1.3333333333333333,1.5833333333333333,80.58333333333333
Albania,Europe,21.25,4.258333333333334,6.866666666666666,73.41666666666667,41.666666666666664,0.375,0.015,1013.3333333333334,29.921666666666667,10.0,6.0,1.4166666666666667,9.233333333333333,14.883333333333331,246.99999999999997,48.791666666666664,4.458333333333333,0.5416666666666667,7.975000000000001,10.491666666666669,1.1666666666666667,1.3333333333333333,80.58333333333333
Algeria,Africa,24.833333333333332,5.599999999999999,9.008333333333335,68.41666666666667,33.333333333333336,0.5333333333333333,0.020833333333333332,1014.0833333333334,29.944999999999993,9.291666666666666,5.5,1.5,12.533333333333333,20.166666666666668,273.27500000000003,65.93333333333334,18.441666666666666,4.158333333333332,18.724999999999998,82.00833333333334,1.25,1.9166666666666667,80.58333333333333
Andorra,Europe,10.833333333333334,3.4000000000000004,5.491666666666667,72.25,22.916666666666668,0.10000000000000002,0.0033333333333333335,1019.9166666666666,30.114166666666673,9.25,5.5,1.25,5.783333333333332,9.333333333333334,172.74166666666665,53.41666666666666,1.4666666666666666,0.37500000000000006,4.3,12.450000000000001,1.0,1.0833333333333333,80.58333333333333
Angola,Africa,22.0,5.483333333333333,8.816666666666665,87.66666666666667,54.166666666666664,0.008333333333333333,0.0,1014.5,29.955000000000002,9.0,5.0,1.4166666666666667,9.758333333333333,15.691666666666665,589.9583333333333,65.75833333333334,7.45,4.45,19.166666666666664,37.55,1.25,1.75,80.58333333333333
Antigua and Barbuda,America,28.5,7.208333333333332,11.574999999999998,76.66666666666667,42.666666666666664,0.06666666666666667,0.0016666666666666668,1014.0,29.94,10.0,6.0,1.4166666666666667,19.441666666666666,31.291666666666668,209.87499999999997,33.85,0.8000000000000002,0.7583333333333333,3.1916666666666664,7.758333333333333,1.0,1.0,80.58333333333333
Argentina,America,12.416666666666666,8.108333333333333,13.049999999999999,71.5,14.583333333333334,0.025000000000000005,0.0008333333333333334,1016.5833333333334,30.019166666666667,10.0,6.0,1.0,11.516666666666667,18.53333333333333,467.02500000000003,28.23333333333333,24.024999999999995,8.108333333333333,5.525000000000001,7.566666666666669,1.0833333333333333,1.0833333333333333,80.58333333333333
Armenia,Asia,23.75,6.0,9.658333333333331,42.416666666666664,4.166666666666667,0.0,0.0,1011.8333333333334,29.87666666666667,10.0,6.0,1.9166666666666667,10.783333333333333,17.375,201.8166666666667,49.050000000000004,3.3499999999999996,0.47500000000000003,5.358333333333333,9.375,1.0833333333333333,1.1666666666666667,80.58333333333333
Australia,Australia,9.916666666666666,9.516666666666667,15.291666666666666,66.16666666666667,25.0,0.016666666666666666,0.0008333333333333334,1018.75,30.0825,10.0,6.0,3.1666666666666665,7.833333333333332,12.608333333333334,228.7833333333333,34.75833333333333,4.325,0.5499999999999999,3.1500000000000004,4.666666666666667,1.0,1.0833333333333333,80.58333333333333
Austria,Europe,15.833333333333334,5.883333333333333,9.449999999999998,76.83333333333333,10.416666666666666,0.008333333333333333,0.0,1018.3333333333334,30.0725,10.0,6.0,1.25,8.341666666666667,13.441666666666665,422.6666666666667,24.941666666666663,23.308333333333337,2.308333333333333,9.783333333333333,12.399999999999999,1.0833333333333333,1.4166666666666667,80.58333333333333
Azerbaijan,Asia,24.375,8.591666666666667,13.824999999999998,68.91666666666667,14.0,0.0,0.0,1012.1666666666666,29.88666666666667,10.0,6.0,1.5,12.983333333333336,20.908333333333328,241.71666666666667,67.80833333333332,7.05,1.0666666666666667,9.041666666666666,27.558333333333334,1.25,1.3333333333333333,80.58333333333333
Bahamas,America,29.733333333333334,10.241666666666669,16.516666666666666,69.41666666666667,50.666666666666664,0.0,0.0,1013.8333333333334,29.9375,10.0,6.0,6.166666666666667,16.874999999999996,27.150000000000002,236.85833333333332,77.45,1.3499999999999999,1.5250000000000001,4.2,9.525,1.0,1.0833333333333333,80.58333333333333
Bahrain,Asia,34.083333333333336,6.133333333333333,9.85,66.75,0.0,0.0,0.0,1001.6666666666666,29.58,9.041666666666666,5.25,1.6666666666666667,10.491666666666667,16.850000000000005,350.7583333333334,147.225,7.008333333333334,13.858333333333336,51.73333333333334,104.44166666666668,2.9166666666666665,5.666666666666667,80.58333333333333
Bangladesh,Asia,28.625000000000004,5.175,8.308333333333332,78.0,58.083333333333336,0.09166666666666667,0.0033333333333333335,1003.1666666666666,29.62583333333333,9.916666666666666,5.916666666666667,2.0833333333333335,7.908333333333334,12.733333333333334,791.3416666666666,23.099999999999994,20.266666666666666,8.649999999999999,58.449999999999996,66.05833333333332,2.9166666666666665,6.083333333333333,80.58333333333333
Barbados,America,28.333333333333332,11.924999999999999,19.208333333333332,82.5,35.416666666666664,0.17500000000000002,0.005833333333333333,1012.25,29.889166666666664,10.0,6.0,1.4166666666666667,18.933333333333334,30.458333333333332,257.7083333333333,20.875,3.858333333333333,1.5833333333333333,3.0083333333333333,7.616666666666667,1.0,1.0,80.58333333333333
Belarus,Europe,12.916666666666666,4.316666666666666,6.891666666666666,92.66666666666667,5.166666666666667,0.20833333333333334,0.0075,1018.4166666666666,30.074166666666667,9.416666666666666,5.583333333333333,1.4166666666666667,11.9,19.183333333333337,228.3666666666667,44.26666666666667,5.2,2.0749999999999997,4.608333333333333,5.416666666666667,1.0,1.0,80.58333333333333
Belgium,Europe,16.25,3.6750000000000007,5.904166666666664,86.95833333333333,15.625,0.21666666666666665,0.00875,1016.625,30.02041666666666,9.258333333333333,5.416666666666667,1.3333333333333333,10.354166666666668,16.662499999999998,274.5416666666666,41.3125,19.591666666666665,3.1583333333333337,15.220833333333337,20.633333333333333,1.4166666666666667,1.7916666666666667,80.58333333333333
Belize,America,29.333333333333332,6.158333333333332,9.899999999999999,80.5,44.25,0.13333333333333333,0.005,1010.25,29.8325,9.916666666666666,5.916666666666667,6.083333333333333,9.266666666666667,14.916666666666666,234.50000000000003,18.775,0.2750000000000001,0.2833333333333334,2.308333333333333,2.533333333333333,1.0,1.0,80.58333333333333
Benin,Africa,25.75,10.41666666666667,16.749999999999996,90.25,45.833333333333336,2.0666666666666664,0.08083333333333333,1013.8333333333334,29.935000000000002,9.266666666666667,5.416666666666667,1.4166666666666667,11.891666666666666,19.14166666666667,509.86666666666673,32.541666666666664,2.4666666666666663,1.2583333333333333,8.525,15.283333333333331,1.0,1.0833333333333333,80.58333333333333
Bhutan,Asia,11.766666666666671,3.5916666666666663,5.791666666666667,89.0,47.75,0.1416666666666667,0.005,1012.9166666666666,29.912499999999994,7.833333333333333,4.583333333333333,1.5833333333333333,6.249999999999999,10.075000000000001,340.74166666666673,21.775000000000006,1.0833333333333335,0.1666666666666667,8.475,9.750000000000002,1.0,1.1666666666666667,80.58333333333333
Bolivia,America,23.00833333333333,5.133333333333334,8.283333333333331,44.916666666666664,24.458333333333332,0.2916666666666667,0.011666666666666667,1008.9166666666666,29.789166666666674,9.833333333333334,5.833333333333333,1.2083333333333333,7.458333333333333,12.004166666666668,312.03333333333336,24.216666666666665,0.7208333333333333,0.22083333333333333,7.958333333333333,9.1625,1.2083333333333333,1.4166666666666667,80.58333333333333
Bosnia and Herzegovina,Europe,15.5,3.9000000000000004,6.3,89.75,29.166666666666668,0.5333333333333333,0.020833333333333332,1018.25,30.06916666666667,9.75,5.833333333333333,1.4166666666666667,7.366666666666667,11.883333333333333,186.92499999999998,32.48333333333333,3.0,3.3000000000000003,8.4,9.741666666666669,1.0833333333333333,1.1666666666666667,80.58333333333333
Botswana,Africa,15.658333333333333,6.033333333333332,9.691666666666666,36.75,0.5,0.0,0.0,1021.5833333333334,30.167499999999993,10.0,6.0,1.3333333333333333,8.266666666666667,13.316666666666668,435.59166666666664,49.958333333333336,9.325,1.9916666666666665,20.716666666666665,26.216666666666665,1.6666666666666667,2.5833333333333335,80.58333333333333
Brazil,America,30.641666666666666,3.333333333333334,5.375,34.666666666666664,13.166666666666666,0.0,0.0,1007.75,29.75833333333333,10.0,6.0,1.0,6.8,10.958333333333334,338.7916666666667,37.99166666666667,0.34166666666666673,0.325,4.508333333333333,6.666666666666667,1.0,1.0,80.58333333333333
Brunei Darussalam,Asia,26.666666666666668,4.408333333333333,7.05,94.66666666666667,75.0,0.2916666666666667,0.011666666666666667,1009.5,29.813333333333336,9.416666666666666,5.5,5.75,6.241666666666667,10.083333333333334,342.70000000000005,22.333333333333332,3.4916666666666667,1.6916666666666664,3.691666666666667,4.000000000000001,1.0,1.0,80.58333333333333
Bulgaria,Europe,18.969444444444445,4.5472222222222225,7.305555555555554,64.22222222222223,39.583333333333336,0.20277777777777778,0.007777777777777778,1016.4444444444445,30.014444444444432,9.916666666666666,5.944444444444445,1.5555555555555556,7.688888888888886,12.37222222222222,238.42777777777778,49.77777777777777,3.2,0.8694444444444442,7.677777777777777,9.072222222222223,1.0277777777777777,1.0833333333333333,80.58333333333333
Burkina Faso,Africa,25.958333333333332,6.108333333333333,9.783333333333331,82.33333333333333,35.583333333333336,0.3583333333333332,0.012499999999999999,1013.0833333333334,29.915833333333328,9.75,5.75,1.5,13.566666666666665,21.84166666666667,1015.2666666666668,6.024999999999999,6.45,2.35,32.525,52.80833333333334,2.25,3.6666666666666665,80.58333333333333
Burundi,Africa,22.7,3.641666666666666,5.875000000000001,63.583333333333336,34.75,0.10833333333333334,0.0033333333333333335,1013.6666666666666,29.933333333333334,9.75,5.75,1.5,4.075,6.566666666666667,783.5750000000002,21.916666666666668,5.941666666666666,0.8666666666666666,36.458333333333336,78.79166666666667,2.4166666666666665,4.0,80.58333333333333
Cambodia,Asia,27.666666666666668,4.458333333333333,7.174999999999998,89.08333333333333,60.416666666666664,0.09166666666666667,0.0025,1005.3333333333334,29.69,9.416666666666666,5.416666666666667,6.25,9.075000000000001,14.641666666666664,576.0666666666667,15.208333333333334,5.533333333333334,2.4583333333333335,11.933333333333335,18.958333333333332,1.3333333333333333,1.9166666666666667,80.58333333333333
Cameroon,Africa,18.025,2.908333333333333,4.683333333333334,95.33333333333333,69.08333333333333,1.5833333333333337,0.06083333333333333,1015.5,29.99083333333333,5.583333333333333,3.1666666666666665,1.3333333333333333,4.883333333333334,7.858333333333333,652.0,7.124999999999999,3.3333333333333326,0.5666666666666667,15.033333333333331,21.866666666666664,1.3333333333333333,1.8333333333333333,80.58333333333333
Canada,America,22.333333333333332,7.708333333333333,12.383333333333333,72.66666666666667,47.916666666666664,0.0,0.0,1012.0833333333334,29.884166666666662,24.0,14.0,5.416666666666667,10.975000000000001,17.658333333333335,263.28333333333336,48.75833333333335,3.775,0.5249999999999999,7.075,7.516666666666667,1.1666666666666667,1.25,80.58333333333333
Cape Verde,Atlantic,27.0,9.316666666666668,14.975,84.41666666666667,41.666666666666664,0.20000000000000004,0.006666666666666667,1012.3333333333334,29.892500000000002,9.333333333333334,5.5,1.5,14.166666666666666,22.799999999999997,243.80833333333337,38.1,1.3166666666666667,0.2833333333333334,8.708333333333334,36.041666666666664,1.1666666666666667,1.4166666666666667,80.58333333333333
Central African Republic,Africa,23.683333333333334,2.6666666666666665,4.316666666666667,92.08333333333333,38.916666666666664,0.5083333333333333,0.02,1013.25,29.9175,7.916666666666667,4.416666666666667,1.5,4.083333333333333,6.575,366.05833333333334,0.23333333333333336,0.5583333333333333,0.17500000000000002,5.391666666666666,7.324999999999999,1.1666666666666667,1.1666666666666667,80.58333333333333
Chad,Africa,26.483333333333334,6.041666666666665,9.716666666666667,82.91666666666667,12.25,0.008333333333333333,0.0,1011.0833333333334,29.854166666666668,8.0,4.416666666666667,1.5,12.391666666666666,19.95,613.6250000000001,12.733333333333333,1.9083333333333332,0.8583333333333334,15.333333333333334,21.125,1.4166666666666667,1.75,80.58333333333333
Chile,America,12.333333333333334,6.708333333333332,10.799999999999999,73.75,60.416666666666664,0.041666666666666664,0.0016666666666666668,1017.75,30.0525,9.25,5.5,1.1666666666666667,4.158333333333334,6.691666666666667,4281.3583333333345,7.524999999999999,62.475,17.78333333333333,314.3,377.95000000000005,5.0,9.916666666666666,80.58333333333333
China,Asia,23.416666666666668,3.0999999999999996,4.966666666666667,87.5,8.333333333333334,0.25,0.01,1012.9166666666666,29.910000000000007,6.499999999999999,3.5,5.666666666666667,4.341666666666666,6.999999999999999,1655.5833333333333,14.658333333333331,48.76666666666666,62.558333333333344,274.24999999999994,311.31666666666666,5.25,9.416666666666666,80.58333333333333
Comoros,Indian,21.916666666666668,5.808333333333334,9.324999999999998,78.33333333333333,21.833333333333332,0.26666666666666666,0.010833333333333334,1016.25,30.008333333333336,10.0,6.0,1.3333333333333333,9.374999999999998,15.091666666666667,236.29999999999998,47.741666666666674,0.44166666666666665,0.34166666666666673,3.775,7.733333333333333,1.0,1.0,80.58333333333333
Congo,Africa,25.508333333333336,5.9750000000000005,9.583333333333332,65.5,27.833333333333332,0.21666666666666667,0.008333333333333333,1013.75,29.935000000000002,9.0,5.0,1.5833333333333333,10.016666666666667,16.10833333333333,569.6583333333333,31.800000000000008,2.5083333333333333,0.5833333333333334,10.625,23.466666666666665,1.25,1.4166666666666667,80.58333333333333
Costa Rica,America,23.166666666666668,7.524999999999999,12.125,79.58333333333333,75.0,0.975,0.03916666666666666,1015.5,29.989166666666666,9.208333333333334,5.5,4.166666666666667,4.058333333333333,6.516666666666666,537.6666666666666,22.025000000000002,18.150000000000002,14.158333333333333,17.99166666666667,19.05,1.5833333333333333,2.0833333333333335,80.58333333333333
Croatia,Europe,16.5,3.5999999999999996,5.791666666666667,85.41666666666667,14.583333333333334,0.0,0.0,1017.4166666666666,30.045,10.0,6.0,1.4166666666666667,6.241666666666667,10.033333333333333,268.15,37.38333333333333,9.616666666666667,0.3833333333333333,8.9,10.975,1.0833333333333333,1.25,80.58333333333333
Cuba,America,29.916666666666668,9.558333333333334,15.374999999999998,72.08333333333333,48.916666666666664,0.09166666666666667,0.0033333333333333335,1012.1666666666666,29.886666666666667,8.833333333333334,4.833333333333333,5.916666666666667,19.425000000000004,31.25,299.0166666666667,57.09166666666667,7.783333333333331,21.491666666666664,6.741666666666667,10.191666666666668,1.0833333333333333,1.1666666666666667,80.58333333333333
Cyprus,Asia,25.083333333333332,7.3,11.733333333333333,73.33333333333333,14.583333333333334,0.0,0.0,1008.5833333333334,29.784166666666668,10.0,6.0,1.5833333333333333,8.083333333333334,13.016666666666666,250.0833333333333,69.8,2.175,2.6,17.65,28.241666666666664,1.5,2.0833333333333335,80.58333333333333
Czech Republic,Europe,15.583333333333334,6.075,9.783333333333333,79.0,27.083333333333332,0.15,0.005833333333333334,1018.75,30.085000000000004,10.0,6.0,1.1666666666666667,7.449999999999999,12.0,335.46666666666664,22.516666666666666,18.425,3.233333333333333,13.33333333333333,17.158333333333335,1.4166666666666667,1.5833333333333333,80.58333333333333
Democratic Republic of Congo,Africa,25.45833333333333,5.833333333333333,9.35,65.66666666666667,30.666666666666668,0.14166666666666666,0.005833333333333334,1013.75,29.935000000000002,8.916666666666666,4.916666666666667,1.5833333333333333,9.225,14.841666666666667,569.6583333333333,31.800000000000008,2.5083333333333333,0.5833333333333334,10.625,23.466666666666665,1.25,1.4166666666666667,80.58333333333333
Denmark,Europe,15.5,6.308333333333333,10.133333333333333,85.91666666666667,29.166666666666668,0.17500000000000002,0.006666666666666667,1017.4166666666666,30.045,10.0,6.0,1.3333333333333333,12.808333333333332,20.566666666666666,250.90833333333333,58.44166666666667,6.358333333333332,1.375,7.366666666666666,9.233333333333333,1.0833333333333333,1.1666666666666667,80.58333333333333
Djibouti,Africa,33.141666666666666,5.675000000000001,9.124999999999998,56.75,19.75,0.016666666666666666,0.0008333333333333334,1004.0833333333334,29.650833333333335,9.75,5.75,2.1666666666666665,12.225000000000001,19.666666666666664,323.49166666666673,55.800000000000004,1.1249999999999998,0.9583333333333335,30.91666666666667,74.425,2.0833333333333335,3.6666666666666665,80.58333333333333
Dominica,America,28.125,5.0166666666666675,8.074999999999998,86.16666666666667,58.666666666666664,0.19166666666666668,0.006666666666666665,1013.9166666666666,29.93666666666667,10.0,6.0,1.5,14.058333333333335,22.641666666666666,244.91666666666666,25.208333333333332,2.191666666666667,0.32499999999999996,2.641666666666666,6.033333333333334,1.0,1.0,80.58333333333333
Dominican Republic,America,28.25,4.491666666666666,7.183333333333333,86.33333333333333,50.0,0.0,0.0,1013.0833333333334,29.912499999999998,10.0,6.0,1.5833333333333333,7.508333333333333,12.066666666666665,596.9333333333333,15.291666666666666,22.933333333333334,11.299999999999999,11.049999999999997,17.616666666666667,1.0833333333333333,1.3333333333333333,80.58333333333333
Ecuador,America,13.824999999999998,4.458333333333333,7.158333333333334,66.75,59.583333333333336,0.7333333333333334,0.0275,1014.4166666666666,29.95166666666667,9.583333333333334,5.666666666666667,3.0833333333333335,6.6499999999999995,10.674999999999999,2227.4666666666667,23.05,84.025,37.10833333333333,29.716666666666665,32.975,2.1666666666666665,3.25,80.58333333333333
Egypt,Africa,28.166666666666668,6.449999999999999,10.374999999999998,58.166666666666664,8.333333333333334,0.0,0.0,1010.1666666666666,29.830833333333334,9.0,5.25,1.0,12.266666666666667,19.73333333333333,251.5916666666666,61.599999999999994,12.65,12.316666666666668,20.84166666666667,43.708333333333336,1.6666666666666667,2.3333333333333335,80.58333333333333
El Salvador,America,28.25,5.766666666666666,9.233333333333333,77.16666666666667,35.416666666666664,0.275,0.010833333333333334,1011.5,29.8625,10.0,6.0,5.166666666666667,4.433333333333334,7.125000000000001,409.71666666666664,54.64166666666666,5.158333333333332,9.249999999999998,17.71666666666667,20.383333333333336,1.5833333333333333,2.0,80.58333333333333
Equatorial Guinea,Africa,24.475000000000005,6.333333333333333,10.2,90.41666666666667,62.916666666666664,1.6916666666666664,0.06750000000000002,1014.25,29.9525,8.833333333333334,5.083333333333333,1.4166666666666667,9.791666666666666,15.766666666666666,414.7416666666666,42.55,0.08333333333333333,0.10833333333333335,3.0416666666666665,3.3666666666666667,1.0,1.0,80.58333333333333
Eritrea,Africa,19.025000000000002,3.6750000000000003,5.95,62.416666666666664,32.0,0.06666666666666667,0.0016666666666666668,1012.5,29.897499999999997,9.916666666666666,5.916666666666667,1.4166666666666667,5.891666666666666,9.525,247.14166666666668,38.925000000000004,0.8583333333333334,0.36666666666666664,22.84166666666667,71.19166666666666,1.75,2.5,80.58333333333333
Estonia,Europe,13.916666666666666,6.05,9.716666666666663,90.08333333333333,35.0,0.008333333333333333,0.0,1014.8333333333334,29.969166666666663,8.4,5.0,1.3333333333333333,14.091666666666663,22.683333333333326,227.11666666666665,59.11666666666667,2.5500000000000003,1.2,3.591666666666667,4.091666666666667,1.0,1.0,80.58333333333333
Ethiopia,Africa,14.0,4.8999999999999995,7.858333333333332,86.75,50.583333333333336,0.2833333333333334,0.010833333333333334,1023.4166666666666,30.22333333333334,9.75,5.833333333333333,1.1666666666666667,4.825,7.766666666666667,2039.9916666666666,18.575,8.291666666666666,2.625,73.65833333333332,219.61666666666667,3.1666666666666665,6.5,80.58333333333333
Fiji Islands,Pacific,26.583333333333332,11.058333333333335,17.808333333333334,72.16666666666667,59.333333333333336,0.06666666666666667,0.0016666666666666668,1016.5,30.015000000000004,10.0,6.0,5.333333333333333,14.491666666666667,23.308333333333334,191.23333333333335,52.46666666666667,0.9916666666666664,1.7833333333333332,3.2916666666666665,9.024999999999999,1.0,1.0,80.58333333333333
Finland,Europe,13.25,5.708333333333333,9.149999999999999,93.5,37.5,0.025000000000000005,0.0008333333333333334,1014.4166666666666,29.955833333333327,9.666666666666666,5.75,1.3333333333333333,13.158333333333331,21.18333333333333,264.3916666666667,43.775,6.508333333333333,1.8333333333333333,5.7250000000000005,7.841666666666666,1.0833333333333333,1.0833333333333333,80.58333333333333
France,Europe,19.333333333333332,4.408333333333332,7.108333333333333,76.41666666666667,31.25,0.15833333333333333,0.005833333333333334,1016.0833333333334,30.00333333333333,10.0,6.0,1.4166666666666667,8.191666666666666,13.200000000000003,789.125,38.26666666666666,24.8,3.75,44.916666666666664,51.38333333333335,2.0833333333333335,3.5833333333333335,80.58333333333333
Gabon,Africa,25.46666666666667,8.325000000000001,13.391666666666666,86.25,58.25,0.10000000000000002,0.0033333333333333335,1014.0833333333334,29.94083333333334,9.916666666666666,5.916666666666667,1.4166666666666667,11.324999999999998,18.25,451.73333333333335,42.39166666666666,1.4166666666666667,1.5666666666666667,5.533333333333334,11.216666666666667,1.0,1.0,80.58333333333333
Gambia,Africa,25.5,4.0,6.483333333333334,93.25,66.66666666666667,0.4749999999999998,0.016666666666666666,1012.8333333333334,29.905833333333337,9.916666666666666,5.916666666666667,1.4166666666666667,18.50833333333333,29.783333333333335,309.73333333333335,37.7,0.5416666666666666,0.4833333333333334,2.775,11.299999999999999,1.0,1.0833333333333333,80.58333333333333
Georgia,Asia,22.166666666666668,7.574999999999999,12.225,75.25,42.666666666666664,0.225,0.009166666666666667,1014.25,29.948333333333338,9.916666666666666,5.916666666666667,1.5,4.533333333333333,7.3,230.3083333333333,33.24166666666667,3.066666666666667,0.2916666666666667,6.550000000000001,9.166666666666666,1.1666666666666667,1.25,80.58333333333333
Germany,Europe,14.833333333333334,5.391666666666666,8.633333333333331,86.0,6.25,0.049999999999999996,0.0016666666666666668,1017.9166666666666,30.06,10.0,6.0,1.1666666666666667,9.133333333333335,14.725000000000001,290.81666666666666,31.141666666666666,18.741666666666664,3.358333333333334,11.616666666666667,13.35,1.25,1.5,80.58333333333333
Ghana,Africa,25.5,10.850000000000001,17.466666666666665,91.16666666666667,70.83333333333333,0.10000000000000002,0.0033333333333333335,1014.4166666666666,29.9525,10.0,6.0,1.5,15.058333333333332,24.241666666666664,443.94166666666666,32.416666666666664,3.5500000000000003,3.216666666666667,10.075000000000001,18.69166666666667,1.0,1.25,80.58333333333333
Greece,Europe,25.0,9.908333333333333,15.966666666666663,51.583333333333336,29.166666666666668,0.016666666666666666,0.0008333333333333334,1010.8333333333334,29.849166666666665,9.75,5.833333333333333,1.5833333333333333,12.624999999999998,20.308333333333334,272.18333333333334,87.70833333333333,10.549999999999999,10.858333333333334,11.583333333333334,14.06666666666667,1.3333333333333333,1.4166666666666667,80.58333333333333
Grenada,America,28.916666666666668,11.899999999999999,19.199999999999996,80.5,29.166666666666668,0.14166666666666666,0.005833333333333334,1011.9166666666666,29.878333333333334,10.0,6.0,1.5,17.733333333333334,28.53333333333333,226.98333333333335,24.758333333333336,1.575,0.9250000000000002,2.1500000000000004,5.766666666666667,1.0,1.0,80.58333333333333
Guatemala,America,21.683333333333334,5.691666666666666,9.141666666666666,78.91666666666667,63.083333333333336,0.8333333333333334,0.0325,1018.0,30.0625,8.666666666666666,5.166666666666667,4.333333333333333,3.733333333333334,6.016666666666666,529.3416666666667,38.05,7.5,39.925000000000004,31.12500000000001,35.925000000000004,1.75,3.1666666666666665,80.58333333333333
Guinea,Africa,26.308333333333334,5.425,8.725,90.41666666666667,65.0,1.3833333333333337,0.053333333333333344,1014.0,29.94000000000001,9.25,5.5,1.3333333333333333,15.9,25.59166666666667,343.2583333333334,36.32500000000001,0.8083333333333331,0.48333333333333334,2.766666666666666,6.925,1.0,1.0833333333333333,80.58333333333333
Guinea-Bissau,Africa,25.816666666666666,4.05,6.541666666666665,91.58333333333333,39.333333333333336,0.20000000000000004,0.008333333333333333,1013.0833333333334,29.913333333333338,8.0,4.333333333333333,1.4166666666666667,13.183333333333332,21.21666666666667,343.5249999999999,20.433333333333334,0.7000000000000001,0.3916666666666666,2.0916666666666672,3.783333333333333,1.0,1.0,80.58333333333333
Guyana,America,27.166666666666668,4.8583333333333325,7.833333333333333,84.58333333333333,33.333333333333336,0.17500000000000002,0.006666666666666667,1011.3333333333334,29.862500000000008,9.583333333333334,5.75,1.0,13.433333333333332,21.59166666666667,290.675,32.708333333333336,4.75,3.8333333333333335,2.433333333333333,7.766666666666666,1.0,1.0,80.58333333333333
Haiti,America,29.691666666666666,8.616666666666665,13.858333333333333,73.25,50.5,2.5833333333333335,0.10166666666666667,1012.3333333333334,29.894166666666667,8.916666666666666,5.0,4.166666666666667,4.841666666666666,7.791666666666667,672.3,94.65833333333335,11.15,7.716666666666666,15.733333333333333,28.508333333333336,1.4166666666666667,1.8333333333333333,80.58333333333333
Honduras,America,26.900000000000002,7.383333333333334,11.866666666666667,59.416666666666664,42.333333333333336,0.39166666666666666,0.015833333333333335,1016.25,30.009166666666662,10.0,6.0,5.0,6.1000000000000005,9.808333333333335,387.05,31.566666666666666,5.1000000000000005,1.9666666666666668,3.3000000000000003,7.525000000000001,1.0833333333333333,1.0833333333333333,80.58333333333333
Hungary,Europe,15.583333333333334,4.5,7.233333333333331,84.66666666666667,6.25,0.125,0.004166666666666667,1017.8333333333334,30.057499999999994,10.0,6.0,1.3333333333333333,6.074999999999999,9.733333333333334,288.4416666666666,27.916666666666668,19.458333333333332,3.1999999999999993,12.54166666666667,15.666666666666664,1.1666666666666667,1.6666666666666667,80.58333333333333
Iceland,Atlantic,9.983333333333333,17.616666666666667,28.350000000000005,87.0,77.75,0.4333333333333333,0.01666666666666667,1003.4166666666666,29.626666666666665,9.0,5.333333333333333,1.1666666666666667,25.466666666666665,40.975,229.48333333333332,56.05833333333334,0.21666666666666667,0.25,1.5083333333333335,3.566666666666667,1.0,1.0,80.58333333333333
India,Asia,28.775000000000002,4.783333333333334,7.708333333333332,72.66666666666667,35.916666666666664,0.008333333333333333,0.0,1005.0833333333334,29.68166666666667,3.808333333333334,1.8333333333333333,2.25,7.874999999999999,12.658333333333333,1177.4333333333336,38.23333333333334,16.116666666666667,10.4,87.40833333333332,127.49999999999999,2.8333333333333335,5.416666666666667,80.58333333333333
Indonesia,Asia,22.84285714285714,4.825714285714284,7.762857142857144,81.68571428571428,23.514285714285716,0.005714285714285714,0.0,1012.1714285714286,29.885428571428577,8.157142857142857,4.771428571428571,5.914285714285715,6.831428571428574,10.991428571428571,3596.971428571429,29.445714285714285,33.20285714285715,17.525714285714287,161.96857142857138,210.12857142857146,2.9714285714285715,4.628571428571429,81.77142857142857
Iran,Asia,26.916666666666668,6.891666666666667,11.066666666666668,28.166666666666668,27.083333333333332,0.0,0.0,1014.0,29.938333333333336,9.833333333333334,5.833333333333333,1.5833333333333333,4.791666666666667,7.7250000000000005,684.5333333333333,14.716666666666667,106.13333333333334,65.29166666666667,35.3,70.05,2.3333333333333335,4.166666666666667,80.58333333333333
Iraq,Asia,31.916666666666668,3.4166666666666665,5.5,22.166666666666668,0.0,0.0,0.0,1004.4166666666666,29.660833333333343,10.0,6.0,1.6666666666666667,18.866666666666664,30.349999999999994,237.275,89.425,6.308333333333333,7.991666666666667,21.1,64.68333333333332,1.8333333333333333,2.4166666666666665,80.58333333333333
Ireland,Europe,14.25,5.841666666666668,9.424999999999999,92.16666666666667,54.166666666666664,0.0,0.0,1015.8333333333334,29.997500000000002,9.125,5.416666666666667,1.25,8.916666666666664,14.324999999999998,256.60833333333335,37.31666666666667,13.708333333333334,4.733333333333333,14.233333333333334,17.208333333333332,1.4166666666666667,1.9166666666666667,80.58333333333333
Israel,Asia,26.166666666666668,4.75,7.649999999999999,73.0,25.0,0.0,0.0,1009.0833333333334,29.8,10.0,6.0,1.5,10.841666666666669,17.441666666666666,323.2166666666667,45.458333333333336,41.20833333333333,6.116666666666667,18.558333333333334,38.93333333333333,1.5833333333333333,2.0833333333333335,80.58333333333333
Italy,Europe,20.916666666666668,4.016666666666667,6.4416666666666655,66.16666666666667,10.416666666666666,0.075,0.0033333333333333335,1014.6666666666666,29.961666666666673,9.5,5.666666666666667,1.3333333333333333,10.091666666666667,16.25,448.6833333333334,23.825,16.483333333333334,0.6333333333333334,12.866666666666665,16.258333333333333,1.25,1.6666666666666667,80.58333333333333
Jamaica,America,31.25,16.416666666666664,26.458333333333332,74.0,36.416666666666664,0.0,0.0,1010.9166666666666,29.85083333333333,10.0,6.0,5.666666666666667,4.941666666666666,7.958333333333333,998.3083333333333,26.866666666666664,18.066666666666666,7.375,8.766666666666667,13.375000000000002,1.0833333333333333,1.3333333333333333,80.58333333333333
Japan,Asia,28.416666666666668,10.55,16.966666666666665,74.58333333333333,50.0,0.35000000000000003,0.014166666666666668,1012.0833333333334,29.885833333333334,8.708333333333334,5.083333333333333,6.666666666666667,13.216666666666667,21.275,257.84999999999997,17.566666666666666,33.51666666666667,27.53333333333333,15.274999999999999,21.291666666666664,1.4166666666666667,2.1666666666666665,80.58333333333333
Jordan,Asia,24.75,3.65,5.883333333333333,45.666666666666664,4.166666666666667,0.0,0.0,1014.0,29.939999999999998,6.416666666666667,3.4166666666666665,1.5,9.85,15.866666666666662,246.03333333333333,63.099999999999994,12.366666666666669,5.708333333333333,17.65833333333333,37.94166666666666,1.6666666666666667,2.0,80.58333333333333
Kazakhstan,Asia,11.166666666666666,10.000000000000002,16.124999999999996,83.91666666666667,58.083333333333336,0.03333333333333333,0.0008333333333333334,1007.5833333333334,29.75333333333334,8.758333333333333,5.25,1.5,14.450000000000003,23.249999999999996,242.84166666666667,30.375000000000004,6.891666666666667,11.133333333333333,3.1666666666666665,4.55,1.0,1.0,80.58333333333333
Kenya,Africa,17.3,5.208333333333333,8.366666666666665,77.16666666666667,70.41666666666667,0.075,0.0025,1022.8333333333334,30.20416666666667,9.916666666666666,5.916666666666667,1.4166666666666667,6.783333333333334,10.924999999999999,704.8416666666667,35.525000000000006,6.333333333333333,3.9916666666666667,18.03333333333333,37.11666666666667,1.4166666666666667,2.0833333333333335,80.58333333333333
Kiribati,Pacific,28.90833333333333,12.941666666666665,20.833333333333332,75.5,63.5,0.22500000000000006,0.008333333333333331,1010.5,29.836666666666662,9.916666666666666,5.916666666666667,5.75,17.49166666666667,28.133333333333336,166.48333333333332,18.866666666666667,0.0,0.11666666666666665,2.0749999999999997,5.75,1.0,1.0,80.58333333333333
Kuwait,Asia,34.96666666666667,8.450000000000001,13.591666666666667,34.0,0.0,0.0,0.0,1002.3333333333334,29.599166666666665,10.0,6.0,2.25,16.258333333333336,26.174999999999997,344.5083333333334,98.58333333333333,23.600000000000005,6.291666666666667,40.99166666666667,106.77499999999999,2.6666666666666665,4.583333333333333,80.58333333333333
Kyrghyzstan,Asia,16.45,3.991666666666667,6.416666666666667,44.5,22.083333333333332,0.0,0.0,1013.25,29.917499999999993,10.0,6.0,1.9166666666666667,6.833333333333333,11.016666666666667,256.7416666666667,25.900000000000006,14.966666666666669,2.7750000000000004,7.516666666666667,10.733333333333333,1.0833333333333333,1.1666666666666667,80.58333333333333
Latvia,Europe,13.666666666666666,4.941666666666666,7.941666666666664,94.41666666666667,27.083333333333332,0.44999999999999996,0.016666666666666666,1015.5,29.988333333333333,10.0,6.0,1.3333333333333333,10.54166666666667,16.941666666666666,272.7333333333333,46.008333333333326,6.783333333333334,1.5250000000000001,7.858333333333332,9.424999999999999,1.1666666666666667,1.25,80.58333333333333
Lebanon,Asia,27.75,5.633333333333333,9.049999999999999,67.33333333333333,39.583333333333336,0.0,0.0,1010.6666666666666,29.84416666666667,8.5,4.666666666666667,1.5,8.291666666666666,13.35,242.83333333333337,95.42499999999997,2.816666666666667,7.491666666666667,17.441666666666666,30.708333333333332,1.5,2.0833333333333335,80.58333333333333
Lesotho,Africa,11.383333333333333,3.5,5.641666666666666,25.666666666666668,2.6666666666666665,0.0,0.0,1020.1666666666666,30.1275,10.0,6.0,1.3333333333333333,6.666666666666667,10.75,544.35,44.43333333333333,8.549999999999999,2.9916666666666667,35.166666666666664,45.05833333333334,2.1666666666666665,4.083333333333333,80.58333333333333
Liberia,Africa,24.775000000000002,2.3749999999999996,3.8666666666666676,94.75,72.91666666666667,2.191666666666667,0.08583333333333333,1013.5833333333334,29.928333333333338,9.083333333333334,5.333333333333333,1.4166666666666667,10.691666666666665,17.216666666666665,330.44166666666666,50.833333333333336,0.25833333333333336,0.2583333333333333,3.375,5.083333333333333,1.0,1.0,80.58333333333333
Liechtenstein,Europe,16.0,3.158333333333333,5.1000000000000005,93.91666666666667,27.083333333333332,0.05833333333333333,0.0025,1018.3333333333334,30.069999999999997,10.0,6.0,1.0833333333333333,8.658333333333333,13.941666666666668,264.9583333333333,23.08333333333334,18.98333333333333,3.216666666666667,15.899999999999999,17.849999999999998,1.5,1.9166666666666667,80.58333333333333
Lithuania,Europe,14.166666666666666,6.075,9.774999999999997,88.0,30.0,0.008333333333333333,0.0,1017.75,30.054166666666664,9.183333333333334,5.5,1.3333333333333333,10.541666666666666,16.966666666666665,234.63333333333333,39.38333333333333,4.108333333333333,1.0500000000000003,6.341666666666668,8.366666666666665,1.0833333333333333,1.0833333333333333,80.58333333333333
Luxembourg,Europe,15.916666666666666,7.458333333333335,12.016666666666666,82.33333333333333,12.5,0.15833333333333335,0.005833333333333334,1017.75,30.05333333333333,9.416666666666666,5.583333333333333,1.25,9.783333333333331,15.75,225.73333333333335,41.15833333333334,13.125,0.9833333333333333,9.200000000000001,10.191666666666666,1.1666666666666667,1.4166666666666667,80.58333333333333
Macedonia,Europe,18.916666666666668,3.1249999999999996,5.041666666666667,70.66666666666667,33.333333333333336,0.15,0.005833333333333334,1016.0833333333334,30.004166666666663,10.0,6.0,1.5833333333333333,6.608333333333334,10.658333333333333,260.0916666666667,43.23333333333334,7.266666666666667,5.416666666666668,10.566666666666666,12.758333333333333,1.25,1.5,80.58333333333333
Madagascar,Indian,16.462500000000002,6.245833333333334,10.033333333333333,79.45833333333333,32.708333333333336,0.008333333333333333,0.0004166666666666667,1021.9583333333334,30.1775,10.0,6.0,1.3333333333333333,7.675000000000001,12.358333333333334,300.47916666666674,39.2875,0.9541666666666666,0.7875,3.6875,7.695833333333333,1.0,1.0416666666666667,80.58333333333333
Malawi,Africa,18.25,5.6000000000000005,8.999999999999998,54.083333333333336,6.583333333333333,0.0,0.0,1018.5833333333334,30.078333333333337,10.0,6.0,1.4166666666666667,7.433333333333334,11.966666666666667,336.84999999999997,43.916666666666664,1.6916666666666664,0.55,8.583333333333334,12.274999999999999,1.1666666666666667,1.1666666666666667,80.58333333333333
Malaysia,Asia,25.75,2.55,4.133333333333334,89.83333333333333,25.0,0.45,0.0175,1009.6666666666666,29.8175,9.0,5.083333333333333,1.9166666666666667,3.3333333333333335,5.366666666666666,4163.433333333333,2.8083333333333336,68.21666666666665,52.724999999999994,113.74166666666667,134.68333333333334,4.0,9.416666666666666,80.58333333333333
Maldives,Indian,27.183333333333334,15.325000000000001,24.650000000000002,78.5,72.75,1.2416666666666665,0.04916666666666667,1009.8333333333334,29.81583333333333,9.333333333333334,5.5,1.9166666666666667,24.299999999999997,39.14166666666667,177.875,31.96666666666667,0.17500000000000002,0.22500000000000006,1.2499999999999998,2.5916666666666663,1.0,1.0,80.58333333333333
Mali,Africa,24.833333333333332,4.1,6.5666666666666655,93.66666666666667,27.083333333333332,0.7833333333333333,0.030833333333333334,1015.3333333333334,29.98,9.5,5.666666666666667,1.3333333333333333,8.9,14.316666666666665,748.525,3.1750000000000003,3.7416666666666667,1.4166666666666667,19.508333333333333,26.375,1.6666666666666667,2.3333333333333335,80.58333333333333
Malta,Europe,23.916666666666668,9.383333333333333,15.091666666666663,71.58333333333333,13.5,1.2583333333333335,0.049999999999999996,1013.8333333333334,29.93666666666667,10.0,6.0,1.5,19.78333333333333,31.825,219.74166666666667,90.075,1.1666666666666667,23.075,15.199999999999998,20.116666666666667,1.4166666666666667,2.0,80.58333333333333
Marshall Islands,Pacific,29.941666666666666,7.5,12.075000000000003,75.5,79.33333333333333,0.21666666666666667,0.008333333333333333,1010.75,29.843333333333334,23.5,13.75,5.75,13.833333333333334,22.24166666666667,167.5916666666667,19.008333333333333,0.0,0.05833333333333333,1.0916666666666666,3.016666666666666,1.0,1.0,80.58333333333333
Mauritania,Africa,28.08333333333333,13.366666666666665,21.46666666666667,76.41666666666667,28.833333333333332,0.325,0.013333333333333334,1012.4166666666666,29.898333333333337,9.75,5.833333333333333,1.5,19.483333333333338,31.35000000000001,347.1499999999999,43.4,1.3250000000000002,0.9583333333333335,14.774999999999999,49.30833333333334,1.4166666666666667,2.0,80.58333333333333
Mauritius,Indian,21.666666666666668,8.341666666666667,13.408333333333337,78.91666666666667,45.833333333333336,0.016666666666666666,0.0,1020.25,30.127499999999998,10.0,6.0,1.9166666666666667,14.649999999999999,23.583333333333332,234.75,63.41666666666666,1.7083333333333333,2.141666666666667,3.9583333333333326,10.216666666666667,1.0,1.0,80.58333333333333
Mexico,America,21.666666666666668,13.008333333333335,20.95,51.25,76.0,0.0,0.0,1024.5,30.2525,11.783333333333333,6.833333333333333,5.333333333333333,7.208333333333333,11.616666666666667,769.0916666666667,125.575,32.475,31.2,34.675000000000004,37.90833333333333,1.9166666666666667,3.0833333333333335,80.58333333333333
Micronesia,Pacific,29.25,5.1000000000000005,8.183333333333332,81.91666666666667,91.66666666666667,0.5916666666666667,0.023333333333333334,1010.5833333333334,29.840000000000003,23.666666666666668,13.916666666666666,5.916666666666667,10.241666666666665,16.5,173.99166666666665,10.183333333333334,0.008333333333333333,0.008333333333333333,0.5416666666666666,1.0250000000000001,1.0,1.0,80.58333333333333
Monaco,Europe,22.333333333333332,9.358333333333334,15.074999999999998,63.166666666666664,18.75,0.016666666666666666,0.0008333333333333334,1015.3333333333334,29.982499999999998,10.0,6.0,1.4166666666666667,9.616666666666667,15.483333333333333,237.4,46.43333333333334,7.841666666666668,0.9333333333333332,10.424999999999999,12.566666666666668,1.25,1.5,80.58333333333333
Mongolia,Asia,12.083333333333334,5.158333333333332,8.350000000000001,75.33333333333333,22.916666666666668,0.016666666666666666,0.0008333333333333334,1015.75,29.99333333333333,10.0,6.0,5.166666666666667,10.225,16.433333333333334,223.5,72.50833333333334,7.566666666666666,39.28333333333334,10.450000000000001,27.25833333333333,1.1666666666666667,1.5,80.58333333333333
Montenegro,Europe,22.833333333333332,8.924999999999999,14.383333333333333,63.0,18.75,0.48333333333333334,0.01833333333333333,1014.1666666666666,29.94666666666667,10.0,6.0,1.3333333333333333,13.808333333333335,22.258333333333336,208.34166666666667,51.541666666666664,2.3083333333333336,1.4083333333333332,6.574999999999999,7.216666666666668,1.0,1.0833333333333333,80.58333333333333
Morocco,Africa,19.916666666666668,3.6333333333333346,5.883333333333333,91.91666666666667,33.333333333333336,0.03333333333333333,0.0016666666666666668,1014.0833333333334,29.94333333333334,5.0,3.0,1.4166666666666667,7.4750000000000005,12.041666666666664,213.35000000000002,88.39166666666667,0.6916666666666665,1.383333333333333,5.4750000000000005,15.783333333333337,1.0,1.0,80.58333333333333
Mozambique,Africa,19.533333333333335,6.933333333333334,11.149999999999999,82.75,37.5,0.016666666666666666,0.0,1020.1666666666666,30.12333333333333,10.0,6.0,1.3333333333333333,9.825,15.816666666666668,455.2250000000001,36.199999999999996,2.6,0.9333333333333335,13.66666666666667,29.374999999999996,1.3333333333333333,1.6666666666666667,80.58333333333333
Myanmar,Asia,25.79166666666666,4.8500000000000005,7.800000000000002,90.5,69.5,0.7666666666666667,0.02916666666666667,1005.75,29.693333333333328,8.416666666666666,5.0,4.583333333333333,7.574999999999999,12.183333333333335,251.33333333333334,32.275,1.05,0.20000000000000007,7.691666666666667,8.816666666666666,1.1666666666666667,1.3333333333333333,80.58333333333333
Namibia,Africa,17.25,5.199999999999999,8.333333333333332,29.0,0.0,0.0,0.0,1025.4166666666667,30.282500000000002,10.0,6.0,1.5,11.025,17.758333333333336,352.4166666666667,61.15833333333333,1.7999999999999998,3.216666666666667,26.958333333333332,44.833333333333336,1.75,2.6666666666666665,80.58333333333333
Nepal,Asia,22.0,3.033333333333333,4.916666666666667,88.16666666666667,68.75,0.13333333333333333,0.005,1013.0833333333334,29.913333333333338,7.25,3.9166666666666665,3.5,3.5999999999999996,5.800000000000001,1555.4583333333333,19.383333333333336,15.933333333333332,5.033333333333335,86.89166666666667,109.01666666666667,3.5833333333333335,7.333333333333333,80.58333333333333
Netherlands,Europe,16.916666666666668,6.166666666666665,9.9,87.08333333333333,10.416666666666666,0.03333333333333333,0.0016666666666666668,1016.4166666666666,30.014166666666664,9.083333333333334,5.416666666666667,1.3333333333333333,10.641666666666666,17.133333333333336,257.575,39.300000000000004,19.783333333333335,1.9166666666666667,11.433333333333332,13.725000000000001,1.25,1.4166666666666667,80.58333333333333
New Zealand,Pacific,13.916666666666666,12.833333333333336,20.691666666666663,70.66666666666667,33.333333333333336,0.03333333333333333,0.0008333333333333334,1025.25,30.27583333333334,10.0,6.0,3.5,16.641666666666666,26.791666666666668,215.16666666666666,57.00833333333333,1.2916666666666667,0.8416666666666668,1.6833333333333336,3.75,1.0,1.0,80.58333333333333
Nicaragua,America,30.675,7.708333333333333,12.424999999999999,68.75,45.833333333333336,0.06666666666666667,0.0016666666666666668,1008.25,29.769166666666667,9.916666666666666,5.916666666666667,5.75,15.699999999999998,25.25,362.7250000000001,41.19166666666666,5.375,6.941666666666667,6.791666666666668,8.808333333333335,1.0833333333333333,1.1666666666666667,80.58333333333333
Niger,Africa,28.5,6.108333333333333,9.816666666666666,72.5,2.0833333333333335,0.025000000000000005,0.0008333333333333334,1013.0833333333334,29.91250000000001,9.583333333333334,5.583333333333333,1.5833333333333333,15.15,24.383333333333336,601.1,15.35,2.758333333333334,0.6916666666666665,14.233333333333333,19.891666666666666,1.4166666666666667,1.9166666666666667,80.58333333333333
Nigeria,Africa,24.333333333333332,4.341666666666668,7.0,91.58333333333333,33.333333333333336,1.175,0.04666666666666666,1015.4166666666666,29.9825,10.0,6.0,1.4166666666666667,3.8666666666666667,6.2250000000000005,659.7750000000001,15.291666666666666,1.8083333333333333,0.16666666666666666,13.008333333333335,18.0,1.25,1.5833333333333333,80.58333333333333
North Korea,Asia,21.433333333333337,3.4416666666666664,5.558333333333334,82.33333333333333,29.166666666666668,0.06666666666666667,0.0016666666666666668,1012.3333333333334,29.895833333333332,10.0,6.0,5.5,4.708333333333333,7.591666666666668,547.6999999999999,19.975,15.391666666666666,24.825,42.724999999999994,51.94166666666666,2.4166666666666665,4.666666666666667,80.58333333333333
Norway,Europe,13.166666666666666,19.25833333333333,31.000000000000004,89.41666666666667,60.416666666666664,0.0,0.0,1014.4166666666666,29.954999999999995,6.833333333333333,4.083333333333333,1.25,5.658333333333334,9.125000000000002,216.275,26.59166666666667,11.816666666666668,5.791666666666667,6.191666666666667,7.266666666666666,1.0833333333333333,1.25,80.58333333333333
Oman,Asia,30.0,4.716666666666666,7.574999999999998,83.0,6.25,0.0,0.0,1002.6666666666666,29.610000000000003,9.25,5.333333333333333,2.0833333333333335,7.2749999999999995,11.699999999999998,254.64166666666668,41.5,25.400000000000002,8.633333333333333,32.21666666666667,110.66666666666667,2.0833333333333335,3.3333333333333335,80.58333333333333
Pakistan,Asia,26.59166666666667,5.5249999999999995,8.891666666666666,55.25,15.166666666666666,0.0,0.0,1004.9166666666666,29.669999999999998,10.0,6.0,2.0833333333333335,10.216666666666667,16.441666666666666,984.1083333333332,71.71666666666665,17.75,4.433333333333334,70.93333333333332,96.20833333333333,3.75,9.0,80.58333333333333
Palau,Pacific,28.25,7.900000000000001,12.699999999999998,83.0,81.25,0.1416666666666667,0.005833333333333334,1010.25,29.825833333333325,20.5,12.416666666666666,1.0,13.383333333333333,21.5,206.96666666666667,19.89166666666667,0.13333333333333333,0.13333333333333336,1.3583333333333334,2.5833333333333335,1.0,1.0,80.58333333333333
Panama,America,28.75,7.933333333333333,12.75,82.5,50.0,0.7583333333333334,0.030833333333333327,1008.1666666666666,29.77416666666667,9.833333333333334,5.833333333333333,5.166666666666667,8.183333333333332,13.183333333333332,901.2333333333332,13.483333333333333,18.21666666666667,13.033333333333333,6.883333333333333,8.433333333333332,1.0833333333333333,1.1666666666666667,80.58333333333333
Papua New Guinea,Pacific,26.775000000000002,10.508333333333335,16.924999999999997,72.66666666666667,39.25,0.0,0.0,1013.0833333333334,29.914166666666663,10.0,6.0,6.416666666666667,10.591666666666669,17.066666666666666,233.65833333333333,48.81666666666666,8.066666666666666,9.441666666666666,6.425,10.558333333333332,1.0833333333333333,1.25,80.58333333333333
Paraguay,America,28.891666666666666,6.691666666666666,10.783333333333333,43.75,34.75,0.024999999999999998,0.0008333333333333334,1007.8333333333334,29.759166666666662,9.916666666666666,5.916666666666667,1.0,11.825000000000001,19.008333333333333,426.70000000000005,22.34166666666667,0.39166666666666666,0.08333333333333333,5.616666666666667,5.758333333333334,1.0,1.0833333333333333,80.58333333333333
Peru,America,18.35,8.983333333333333,14.466666666666667,79.0,38.5,0.0,0.0,1012.5833333333334,29.900833333333335,10.0,6.0,4.166666666666667,11.241666666666667,18.075000000000003,303.4666666666667,48.099999999999994,13.883333333333333,6.741666666666666,9.35,23.458333333333332,1.0,1.25,80.58333333333333
Philippines,Asia,27.25,7.325,11.83333333333333,91.83333333333333,79.16666666666667,2.933333333333334,0.115,1006.75,29.7325,8.083333333333334,4.583333333333333,6.166666666666667,19.058333333333334,30.666666666666668,601.3666666666667,28.666666666666668,13.391666666666667,4.791666666666667,17.316666666666666,26.133333333333336,1.5,2.5833333333333335,80.58333333333333
Poland,Europe,15.166666666666666,4.05,6.499999999999999,89.25,18.75,0.0,0.0,1017.9166666666666,30.06,9.916666666666666,5.916666666666667,1.5,6.416666666666667,10.308333333333334,341.875,33.18333333333333,15.141666666666666,11.933333333333332,18.566666666666666,22.900000000000002,1.4166666666666667,2.25,80.58333333333333
Portugal,Europe,19.583333333333332,8.341666666666667,13.458333333333334,84.08333333333333,33.333333333333336,0.26666666666666666,0.01,1014.5,29.956666666666667,10.0,6.0,1.4166666666666667,13.633333333333333,21.941666666666666,225.4583333333333,66.40833333333335,4.833333333333333,1.8916666666666666,4.691666666666666,9.483333333333333,1.0,1.0,80.58333333333333
Qatar,Asia,34.083333333333336,5.258333333333334,8.449999999999998,66.25,2.0833333333333335,0.0,0.0,1001.75,29.5825,9.016666666666667,5.25,2.25,13.366666666666667,21.516666666666666,401.39166666666665,70.90833333333333,73.09166666666665,49.19166666666666,65.50833333333333,120.5,3.0833333333333335,6.416666666666667,80.58333333333333
Romania,Europe,20.416666666666668,4.533333333333334,7.283333333333332,63.833333333333336,6.25,0.05833333333333333,0.0025,1016.0,30.002499999999998,10.0,6.0,1.6666666666666667,11.083333333333334,17.833333333333332,258.1333333333333,46.74166666666667,7.008333333333334,1.1666666666666667,8.55,10.225,1.0833333333333333,1.25,80.58333333333333
Russia,Asia,15.158333333333333,4.95,7.950000000000002,61.333333333333336,42.0,0.008333333333333333,0.0,1011.75,29.873333333333335,10.0,6.0,3.25,7.708333333333333,12.433333333333335,157.725,20.908333333333335,1.7833333333333339,1.0999999999999999,1.633333333333333,3.258333333333333,1.0,1.0,80.58333333333333
Russia,Europe,12.833333333333334,6.266666666666667,10.074999999999998,83.91666666666667,20.833333333333332,0.0,0.0,1017.8333333333334,30.054999999999996,9.916666666666666,5.916666666666667,1.1666666666666667,9.225,14.85,292.075,14.200000000000001,21.541666666666668,12.125000000000002,8.6,10.991666666666665,1.1666666666666667,1.4166666666666667,80.58333333333333
Rwanda,Africa,20.166666666666668,6.474999999999999,10.399999999999999,70.25,50.0,0.09999999999999999,0.004166666666666667,1020.5833333333334,30.1375,9.833333333333334,5.833333333333333,1.5,4.841666666666667,7.816666666666666,626.6833333333333,18.683333333333334,5.650000000000001,0.6833333333333335,24.750000000000004,37.800000000000004,1.8333333333333333,2.6666666666666665,80.58333333333333
Saint Kitts and Nevis,America,28.833333333333332,10.075000000000001,16.216666666666665,80.83333333333333,22.916666666666668,0.041666666666666664,0.0008333333333333334,1014.0,29.94,10.0,6.0,1.0,21.099999999999998,33.96666666666667,215.99166666666667,38.041666666666664,0.9083333333333333,0.47500000000000003,2.85,8.1,1.0,1.0,80.58333333333333
Saint Lucia,America,28.083333333333332,7.033333333333332,11.316666666666665,82.08333333333333,37.5,0.19999999999999998,0.008333333333333333,1013.1666666666666,29.915000000000006,10.0,6.0,1.0,15.799999999999997,25.399999999999995,201.38333333333333,32.03333333333334,0.375,0.2916666666666667,3.466666666666667,7.483333333333334,1.0,1.0,80.58333333333333
Saint Vincent and the Grenadines,America,28.916666666666668,15.299999999999999,24.64166666666667,75.0,55.416666666666664,0.35833333333333334,0.014166666666666666,1012.5833333333334,29.90333333333334,9.833333333333334,5.833333333333333,1.0,21.633333333333336,34.84166666666666,213.35,34.108333333333334,0.44999999999999996,0.55,3.349999999999999,8.791666666666666,1.0,1.0,80.58333333333333
Samoa,Pacific,30.0,7.841666666666668,12.641666666666666,73.58333333333333,68.75,0.10833333333333334,0.0025,1013.1666666666666,29.915000000000006,10.0,6.0,6.0,25.191666666666666,40.575,189.00833333333333,55.25833333333333,0.15833333333333333,0.29999999999999993,2.9249999999999994,10.325000000000001,1.0,1.0,80.58333333333333
San Marino,Europe,19.75,5.175,8.325000000000001,73.66666666666667,8.333333333333334,0.016666666666666666,0.0,1015.5,29.987499999999997,10.0,6.0,1.4166666666666667,12.433333333333332,20.01666666666667,242.84166666666667,90.00833333333333,2.6,1.1333333333333335,6.816666666666666,8.933333333333332,1.0833333333333333,1.1666666666666667,80.58333333333333
Saudi Arabia,Asia,31.416666666666668,4.091666666666667,6.574999999999999,15.5,0.0,0.0,0.0,1008.4166666666666,29.78166666666667,10.0,6.0,1.75,10.674999999999999,17.191666666666666,238.09999999999994,101.38333333333334,17.224999999999998,33.38333333333333,46.541666666666664,170.01666666666668,2.6666666666666665,5.166666666666667,80.58333333333333
Senegal,Africa,27.349999999999998,10.191666666666666,16.375,87.33333333333333,45.916666666666664,1.2,0.04666666666666667,1012.25,29.890833333333333,9.25,5.416666666666667,1.4166666666666667,21.016666666666666,33.8,314.18333333333334,38.03333333333333,1.3083333333333333,1.3666666666666665,4.208333333333333,10.441666666666665,1.0,1.0,80.58333333333333
Serbia,Europe,18.166666666666668,5.741666666666667,9.25,80.83333333333333,8.333333333333334,0.041666666666666664,0.0016666666666666668,1016.75,30.024999999999995,10.0,6.0,1.3333333333333333,7.591666666666668,12.233333333333334,246.7166666666667,31.983333333333334,9.691666666666665,0.8916666666666666,11.341666666666667,14.1,1.1666666666666667,1.5,80.58333333333333
Seychelles Islands,Indian,26.541666666666668,14.0,22.54166666666666,82.16666666666667,51.166666666666664,0.3,0.011666666666666667,1010.5,29.84083333333334,10.0,6.0,1.8333333333333333,27.04166666666666,43.53333333333333,206.26666666666665,51.24166666666667,0.20833333333333334,0.5666666666666667,4.3,12.158333333333333,1.0,1.0,80.58333333333333
Sierra Leone,Africa,25.416666666666668,7.974999999999999,12.808333333333332,88.66666666666667,72.5,2.1,0.08333333333333336,1013.6666666666666,29.93083333333333,9.083333333333334,5.333333333333333,1.4166666666666667,11.641666666666666,18.71666666666667,303.2,26.49166666666667,0.7666666666666667,0.25833333333333336,3.291666666666666,4.866666666666667,1.0,1.0,80.58333333333333
Singapore,Asia,27.833333333333332,4.841666666666666,7.758333333333333,79.5,72.91666666666667,0.25833333333333336,0.010833333333333332,1009.5,29.813333333333336,9.5,5.583333333333333,3.1666666666666665,13.549999999999999,21.816666666666666,783.2916666666666,12.625,41.033333333333324,28.525000000000002,16.758333333333336,23.441666666666666,1.5,1.8333333333333333,80.58333333333333
Slovakia,Europe,16.166666666666668,4.6,7.374999999999999,83.0,10.416666666666666,0.05833333333333333,0.0016666666666666668,1018.0,30.062499999999996,10.0,6.0,1.25,10.575000000000001,17.049999999999997,245.06666666666663,37.991666666666674,10.908333333333333,1.5999999999999999,7.533333333333332,8.858333333333333,1.0,1.1666666666666667,80.58333333333333
Slovenia,Europe,14.166666666666666,3.9166666666666665,6.316666666666666,94.5,37.5,0.5666666666666667,0.022500000000000003,1018.75,30.084166666666665,9.5,5.666666666666667,1.25,2.8249999999999993,4.525,254.38333333333333,17.441666666666663,9.875,0.7333333333333334,11.866666666666665,16.78333333333333,1.25,1.5,80.58333333333333
Solomon Islands,Pacific,28.516666666666666,6.3999999999999995,10.291666666666666,77.08333333333333,45.833333333333336,0.3416666666666666,0.013333333333333334,1011.6666666666666,29.874166666666667,9.75,5.75,6.083333333333333,9.95,16.01666666666667,188.45000000000002,32.19166666666667,1.1,0.775,1.3916666666666666,1.8,1.0,1.0,80.58333333333333
Somalia,Africa,24.850000000000005,16.808333333333334,27.066666666666674,85.58333333333333,49.083333333333336,0.03333333333333333,0.0016666666666666668,1012.4166666666666,29.895833333333332,10.0,6.0,1.8333333333333333,24.208333333333332,38.975,203.75833333333333,47.275,0.09166666666666666,0.26666666666666666,7.2749999999999995,19.05,1.0,1.0,80.58333333333333
South Africa,Africa,15.0,5.566666666666666,8.975,38.416666666666664,0.0,0.0,0.0,1026.0,30.299166666666665,10.0,6.0,1.3333333333333333,7.991666666666666,12.858333333333333,825.2916666666666,53.63333333333333,18.758333333333333,29.74166666666667,50.50833333333333,68.04166666666667,2.6666666666666665,5.083333333333333,80.58333333333333
South Korea,Asia,23.333333333333332,3.733333333333333,5.974999999999999,89.66666666666667,45.833333333333336,0.10833333333333334,0.004166666666666667,1012.0,29.883333333333336,9.5,5.583333333333333,5.083333333333333,4.383333333333333,7.05,1064.2333333333333,8.433333333333334,36.34166666666666,28.508333333333336,47.09166666666666,53.35,2.5833333333333335,5.666666666666667,80.58333333333333
Spain,Europe,20.583333333333332,3.3499999999999996,5.383333333333334,62.333333333333336,22.916666666666668,0.29166666666666663,0.011666666666666665,1016.9166666666666,30.027499999999993,9.583333333333334,5.583333333333333,1.4166666666666667,11.299999999999999,18.183333333333337,380.6583333333333,36.05833333333333,24.091666666666665,0.34166666666666673,6.066666666666666,8.433333333333334,1.0833333333333333,1.1666666666666667,80.58333333333333
Sri Lanka,Asia,26.0,8.891666666666666,14.291666666666664,90.0,52.083333333333336,0.7583333333333333,0.03,1008.8333333333334,29.79416666666667,9.5,5.5,1.8333333333333333,18.65,30.03333333333333,202.36666666666665,28.783333333333335,3.1749999999999994,2.0500000000000003,2.2166666666666672,5.208333333333333,1.0,1.0,80.58333333333333
Sudan,Africa,29.09166666666667,11.341666666666667,18.249999999999996,52.958333333333336,30.916666666666668,0.05833333333333334,0.0020833333333333333,1009.3333333333334,29.80208333333333,9.916666666666666,5.916666666666667,1.5833333333333333,16.14166666666667,25.979166666666668,334.2791666666667,24.895833333333332,2.0749999999999997,0.9541666666666666,14.050000000000002,51.175000000000004,1.4166666666666667,1.75,80.58333333333333
Suriname,America,27.875,4.500000000000001,7.224999999999998,77.58333333333333,27.5,0.016666666666666666,0.0,1011.25,29.863333333333333,9.583333333333334,5.666666666666667,1.0,13.358333333333336,21.46666666666667,300.96666666666664,38.35,0.09999999999999999,0.12500000000000003,2.6083333333333334,9.516666666666666,1.0,1.0,80.58333333333333
Swaziland,Africa,13.275,3.516666666666666,5.666666666666667,71.75,12.0,0.0,0.0,1022.0833333333334,30.17583333333333,9.333333333333334,5.583333333333333,1.3333333333333333,7.1499999999999995,11.525,398.3083333333332,45.67499999999999,2.8000000000000007,1.7499999999999998,24.658333333333335,30.433333333333334,1.9166666666666667,2.8333333333333335,80.58333333333333
Sweden,Europe,13.583333333333334,5.008333333333334,8.075,91.66666666666667,34.166666666666664,0.041666666666666664,0.0016666666666666668,1014.75,29.966666666666665,9.016666666666667,5.333333333333333,1.3333333333333333,8.750000000000002,14.074999999999998,235.45000000000002,34.93333333333333,8.258333333333331,5.033333333333332,4.233333333333333,5.958333333333333,1.0,1.0833333333333333,80.58333333333333
Switzerland,Europe,14.75,2.7916666666666665,4.533333333333334,91.58333333333333,29.166666666666668,0.0,0.0,1018.4166666666666,30.072499999999994,9.833333333333334,5.833333333333333,1.25,5.1000000000000005,8.191666666666666,244.375,18.55,13.066666666666665,2.216666666666667,14.308333333333335,16.116666666666664,1.3333333333333333,1.75,80.58333333333333
Syria,Asia,22.5,10.350000000000001,16.65833333333333,51.083333333333336,4.166666666666667,0.0,0.0,1011.6666666666666,29.873333333333335,10.0,6.0,1.5833333333333333,6.025000000000002,9.700000000000001,275.375,58.88333333333335,8.916666666666666,6.908333333333332,18.816666666666666,37.925000000000004,1.6666666666666667,2.0833333333333335,80.58333333333333
Tajikistan,Asia,19.75,3.5333333333333337,5.699999999999999,52.0,6.25,0.0,0.0,1013.8333333333334,29.935833333333335,9.25,5.416666666666667,2.0,4.316666666666667,6.941666666666667,202.50833333333333,41.64166666666667,2.725,3.15,7.133333333333333,15.283333333333331,1.0,1.0,80.58333333333333
Tanzania,Africa,19.55,10.075,16.2,63.583333333333336,13.333333333333334,0.0,0.0,1015.75,29.995,10.0,6.0,1.4166666666666667,13.450000000000001,21.633333333333336,231.0083333333333,39.583333333333336,0.32499999999999996,0.18333333333333335,2.7916666666666665,4.5583333333333345,1.0,1.0,80.58333333333333
Thailand,Asia,26.958333333333332,3.8958333333333335,6.270833333333331,85.95833333333333,43.75,0.6291666666666665,0.024583333333333336,1006.1666666666666,29.715,9.625,5.708333333333333,1.9166666666666667,4.979166666666666,8.024999999999999,825.7125000000001,5.2,9.858333333333333,10.945833333333333,21.229166666666668,36.60416666666667,1.6666666666666667,2.0833333333333335,80.58333333333333
Timor-Leste,Asia,22.2,2.5,4.0,62.0,5.0,0.0,0.0,1014.0,29.94,10.0,6.0,6.0,4.3,6.8,267.0,30.0,0.7,0.2,4.0,6.8,1.0,1.0,39.0
Tonga,Pacific,25.083333333333332,13.783333333333333,22.208333333333332,74.91666666666667,47.916666666666664,0.041666666666666664,0.0008333333333333334,1018.75,30.082499999999996,10.0,6.0,5.166666666666667,23.483333333333334,37.775000000000006,198.31666666666663,60.73333333333334,0.17499999999999996,0.5166666666666667,2.6666666666666665,9.866666666666665,1.0,1.0,80.58333333333333
Trinidad and Tobago,America,27.666666666666668,5.05,8.125,85.75,25.0,0.06666666666666667,0.0016666666666666668,1011.6666666666666,29.8725,10.0,6.0,1.0,12.6,20.275000000000002,263.7,18.683333333333334,9.158333333333333,0.8833333333333333,1.5999999999999999,4.074999999999999,1.0,1.0,80.58333333333333
Tunisia,Africa,24.5,6.208333333333332,9.991666666666667,72.83333333333333,29.166666666666668,0.041666666666666664,0.0016666666666666668,1015.25,29.977500000000003,10.0,6.0,1.5,9.633333333333333,15.508333333333335,245.6166666666667,67.22500000000001,5.541666666666667,2.858333333333334,7.983333333333333,16.016666666666666,1.0833333333333333,1.1666666666666667,80.58333333333333
Turkey,Europe,21.458333333333332,5.095833333333333,8.220833333333333,68.45833333333333,18.75,0.1708333333333333,0.006666666666666667,1013.4583333333334,29.925833333333333,10.0,6.0,1.5416666666666667,9.108333333333333,14.662500000000001,273.575,58.4,8.891666666666666,4.341666666666668,12.208333333333336,15.0875,1.25,1.5,80.58333333333333
Turkmenistan,Asia,23.416666666666668,6.366666666666667,10.241666666666665,41.583333333333336,16.666666666666668,0.0,0.0,1010.8333333333334,29.849166666666665,10.0,6.0,2.0833333333333335,9.758333333333335,15.691666666666668,251.725,68.81666666666668,18.0,12.950000000000001,17.991666666666667,66.95833333333333,1.75,1.9166666666666667,80.58333333333333
Tuvalu,Pacific,30.972727272727273,12.6,20.263636363636365,84.0909090909091,69.45454545454545,0.45454545454545453,0.01636363636363636,1010.8181818181819,29.847272727272728,10.0,6.0,5.090909090909091,26.563636363636363,42.73636363636364,177.52727272727273,31.227272727272734,0.0,0.11818181818181821,1.818181818181818,4.718181818181818,1.0,1.0,78.9090909090909
Uganda,Africa,20.55,5.141666666666667,8.275,86.58333333333333,32.833333333333336,0.25,0.01,1015.6666666666666,29.99,10.0,6.0,1.4166666666666667,4.7,7.5583333333333345,505.9666666666667,9.2,2.083333333333333,0.4666666666666666,27.59166666666667,41.275000000000006,1.9166666666666667,3.1666666666666665,80.58333333333333
Ukraine,Europe,15.333333333333334,4.458333333333333,7.175,72.58333333333333,31.666666666666668,0.8833333333333333,0.034999999999999996,1018.5833333333334,30.076666666666664,9.666666666666666,5.75,1.5,8.233333333333333,13.258333333333333,225.72499999999994,39.225,4.033333333333332,1.116666666666667,7.083333333333333,8.091666666666667,1.0,1.0833333333333333,80.58333333333333
United Arab Emirates,Asia,33.916666666666664,4.708333333333333,7.558333333333334,64.83333333333333,6.25,0.0,0.0,1001.4166666666666,29.572499999999994,9.833333333333334,5.833333333333333,2.25,15.225,24.508333333333336,288.44166666666666,144.9,3.983333333333334,4.741666666666668,47.56666666666667,124.39999999999999,2.6666666666666665,5.333333333333333,80.58333333333333
United Kingdom,Europe,17.166666666666668,4.8500000000000005,7.799999999999998,81.83333333333333,35.416666666666664,0.0,0.0,1016.0,30.0025,9.833333333333334,5.833333333333333,1.3333333333333333,5.883333333333334,9.483333333333333,288.725,27.883333333333336,25.441666666666666,6.083333333333333,18.724999999999998,22.55,1.5,2.25,80.58333333333333
United States of America,America,25.325,7.933333333333334,12.783333333333333,34.916666666666664,12.5,0.0,0.0,1012.6666666666666,29.897499999999997,16.0,9.0,5.583333333333333,7.925,12.733333333333333,203.89999999999998,88.64166666666667,0.85,0.275,3.5416666666666665,4.008333333333334,1.0833333333333333,1.0833333333333333,80.58333333333333
Uruguay,America,11.75,9.416666666666666,15.166666666666666,78.41666666666667,29.166666666666668,0.17500000000000002,0.006666666666666667,1017.0833333333334,30.034166666666668,8.75,5.166666666666667,1.0,17.916666666666668,28.825,436.71666666666664,37.78333333333334,11.416666666666666,6.816666666666666,8.033333333333333,12.424999999999999,1.0833333333333333,1.25,80.58333333333333
Uzbekistan,Asia,19.75,5.716666666666666,9.183333333333334,48.166666666666664,13.416666666666666,0.008333333333333333,0.0,1012.0833333333334,29.885833333333338,10.0,6.0,2.0833333333333335,6.941666666666666,11.200000000000001,267.5833333333333,42.275,17.55,2.125,8.725,18.075,1.0833333333333333,1.1666666666666667,80.58333333333333
Vanuatu,Pacific,25.641666666666666,11.450000000000001,18.425,78.91666666666667,69.16666666666667,0.6249999999999999,0.02416666666666667,1015.4166666666666,29.982499999999998,9.25,5.5,5.0,26.949999999999992,43.38333333333333,188.30833333333337,54.041666666666664,0.008333333333333333,0.6333333333333333,4.2,13.233333333333334,1.0,1.0,80.58333333333333
Vatican City,Europe,20.916666666666668,4.016666666666667,6.4416666666666655,66.16666666666667,10.416666666666666,0.08333333333333333,0.0033333333333333335,1014.6666666666666,29.961666666666673,9.5,5.666666666666667,1.3333333333333333,10.016666666666666,16.116666666666664,448.6833333333334,23.825,16.483333333333334,0.6333333333333334,12.866666666666665,16.258333333333333,1.25,1.6666666666666667,80.58333333333333
Venezuela,America,28.666666666666668,5.391666666666666,8.641666666666666,70.91666666666667,45.833333333333336,0.42500000000000004,0.015833333333333335,1011.5833333333334,29.870000000000005,9.833333333333334,5.833333333333333,1.0,7.508333333333333,12.075000000000001,525.9916666666667,38.94166666666667,30.066666666666666,42.216666666666676,12.633333333333333,14.049999999999999,1.3333333333333333,1.5,80.58333333333333
Vietnam,Asia,26.916666666666668,4.566666666666667,7.349999999999999,84.66666666666667,22.916666666666668,0.11666666666666668,0.004166666666666667,1005.5833333333334,29.697500000000005,8.166666666666666,4.75,6.5,11.325000000000001,18.208333333333332,1137.6416666666667,25.13333333333333,19.15,7.900000000000001,73.13333333333334,92.24166666666667,3.0833333333333335,7.083333333333333,80.58333333333333
Yemen,Asia,19.158333333333335,4.8999999999999995,7.900000000000001,34.666666666666664,22.5,0.016666666666666666,0.0008333333333333334,1012.3333333333334,29.895833333333332,9.833333333333334,5.833333333333333,1.75,8.416666666666666,13.549999999999999,192.5,68.63333333333333,9.924999999999999,15.783333333333337,32.416666666666664,114.175,2.25,3.5,80.58333333333333
Zambia,Africa,18.833333333333332,6.9750000000000005,11.216666666666667,36.5,0.8333333333333334,0.0,0.0,1017.5,30.041666666666668,10.0,6.0,1.3333333333333333,12.700000000000001,20.45,1168.2500000000002,55.40833333333333,5.175000000000001,5.566666666666667,15.508333333333335,22.55,1.4166666666666667,1.75,80.58333333333333
Zimbabwe,Africa,15.475,7.349999999999998,11.824999999999998,43.916666666666664,2.8333333333333335,0.0,0.0,1019.9166666666666,30.119999999999994,10.0,6.0,1.3333333333333333,12.258333333333333,19.73333333333333,478.7083333333333,48.34166666666667,5.458333333333335,7.108333333333333,26.675,33.18333333333333,2.0,3.1666666666666665,80.58333333333333
