country,continent,wind_direction,wind_mph,wind_kph,humidity,cloud,precip_mm,precip_in,pressure_mb,pressure_in,visibility_km,visibility_miles,uv_index,gust_mph,gust_kph
Afghanistan,Asia,W,2.2,3.6,32.5,43.5,0.25,0.01,1010.5,29.835,10,6,1,1.55,2.5
Albania,Europe,E,2.2,3.6,85,0,0,0,1017.333333,30.04,10,6,1,7.9,12.73333333
Albania,Europe,N,2.2,3.6,100,75,4.5,0.18,1011,29.85,10,6,1,7.8,12.6
Albania,Europe,NW,3.4,5.4,78.5,25,0,0,1014.5,29.955,10,6,1,10.5,16.9
Albania,Europe,S,3.8,6.1,73,75,0,0,1006,29.71,10,6,1,14.5,23.4
Algeria,Africa,E,6.35,10.25,63.5,50,3.2,0.125,1010,29.83,10,6,1,12.75,20.55
Algeria,Africa,NE,6.9,11.2,78,25,0,0,1017,30.03,10,6,1,10.3,16.6
Algeria,Africa,S,8.1,13,29,50,0,0,1010,29.83,3.5,2,1,29.8,47.9
Algeria,Africa,SE,2.5,4,78,25,0,0,1017,30.03,10,6,1,14.1,22.7
Algeria,Africa,W,10.5,16.9,79,50,0,0,1014,29.94,8,4,1,16.1,25.9
Andorra,Europe,N,3.45,5.6,93,35.5,0,0,1016,30.005,6,3.5,1,5.55,9
Andorra,Europe,S,3.85,6.1,73.5,41,0.55,0.02,1020,30.12,9.5,5.5,1,7.9,12.8
Andorra,Europe,SE,2.966666667,4.8,69.33333333,28.66666667,0.033333333,0,1021.666667,30.16,10,6,1,5.6,9
Angola,Africa,S,7.05,11.35,91,37.5,0,0,1014.5,29.955,9.5,5.5,1,9.65,15.5
Angola,Africa,SE,6.9,11.2,94,25,0,0,1014,29.94,8,4,1,10.1,16.2
Angola,Africa,SW,5.6,9,87,56.25,0,0,1014.25,29.9475,9.25,5.25,1,9.95,16
Angola,Africa,W,3.25,5.2,78.5,75,0.05,0,1015.5,29.985,9,5,3.5,7.4,11.9
Antigua and Barbuda,America,E,7.857142857,12.65714286,75.42857143,48.14285714,0.071428571,0.001428571,1015,29.97,10,6,1,20.22857143,32.55714286
Antigua and Barbuda,America,NE,9.3,14.95,74.5,37.5,0.1,0.005,1011.5,29.865,10,6,3.5,18.55,29.85
Antigua and Barbuda,America,SE,4.3,6.8,74.5,25,0,0,1013,29.91,10,6,1,18.9,30.45
Argentina,America,E,8.75,14.05,72,0,0,0,1017.5,30.045,10,6,1,11.55,18.55
Argentina,America,NE,2.2,3.6,51,0,0,0,1012,29.88,10,6,1,4.3,6.8
Argentina,America,S,8.966666667,14.4,76,33.33333333,0.1,0.003333333,1016.333333,30.01,10,6,1,11.4,18.36666667
Armenia,Asia,E,4.7,7.55,32.5,0,0,0,1013.5,29.925,10,6,1,9.6,15.5
Armenia,Asia,N,7.05,11.35,42.5,0,0,0,1012,29.88,10,6,1,12.1,19.45
Armenia,Asia,NE,7.5,12.05,45.25,0,0,0,1013.25,29.9175,10,6,2,11.775,19
Armenia,Asia,S,5.6,9,26,25,0,0,1003,29.62,10,6,8,5.1,8.3
Armenia,Asia,SE,3.8,6.1,36,0,0,0,1014,29.94,10,6,1,13.2,21.2
Australia,Australia,N,6.85,10.95,81,37.5,0,0,1017.5,30.045,10,6,2,5.35,8.65
Australia,Australia,NW,21.7,34.9,62,50,0.2,0.01,1015,29.97,10,6,2,22.1,35.6
Australia,Australia,S,15,24.1,50,0,0,0,1021,30.15,10,6,3,8.5,13.7
Australia,Australia,SW,5.6,9,76,0,0,0,1022,30.18,10,6,4,1.3,2.2
Australia,Australia,W,14.3,23.05,41.5,37.5,0,0,1012.5,29.895,10,6,4.5,15,24.1
Austria,Europe,NW,7.975,12.8,74.75,25,0,0,1016.75,30.0275,10,6,1.75,10.575,17
Austria,Europe,S,6.25,10.1,72.5,0,0,0,1022,30.18,10,6,1,6.25,10.05
Austria,Europe,SW,3.8,6.1,83,0,0,0,1021,30.15,10,6,1,5.8,9.4
Azerbaijan,Asia,N,12.675,20.425,66.75,12.5,0,0,1009.75,29.815,10,6,2.5,18.15,29.25
Azerbaijan,Asia,NW,4.3,6.8,83,50,0,0,1015,29.97,10,6,1,10.1,16.2
Azerbaijan,Asia,S,5.466666667,8.733333333,69.66666667,6,0,0,1013.333333,29.92333333,10,6,1,6.766666667,10.93333333
Bahamas,America,E,10.725,17.275,61.5,31.25,0,0,1014,29.95,10,6,7,18.075,29.05
Bahamas,America,NE,10.85,17.5,72.5,75,0,0,1015.5,29.99,10,6,7,20.05,32.25
Bahamas,America,S,12.5,20.2,79,75,0,0,1014,29.93,10,6,1,21.7,34.9
Bahamas,America,SE,12.5,20.2,70,75,0,0,1013,29.9,10,6,7,15,24.1
Bahamas,America,SW,8.9,14.4,80,8,0,0,1012,29.87,10,6,1,12.3,19.8
Bahrain,Asia,E,5.6,9,67,0,0,0,1001,29.56,10,6,1,7.6,12.2
Bahrain,Asia,NW,7.5,12.1,65.5,0,0,0,1002.5,29.605,10,6,1,17.1,27.55
Bahrain,Asia,S,3.8,6.1,63,0,0,0,1002,29.59,9,5,1,4.7,7.6
Bahrain,Asia,SE,6.85,11,71,0,0,0,1001,29.56,8.5,5,1,11.3,18.15
Bahrain,Asia,W,5.6,9,47,0,0,0,1003,29.62,10,6,1,17.7,28.4
Bangladesh,Asia,NE,2.2,3.6,61,10,0,0,1005,29.68,10,6,8,2.9,4.7
Bangladesh,Asia,S,3.4,5.4,76.5,43.5,0.05,0,1003.5,29.635,10,6,1,5.35,8.65
Bangladesh,Asia,SE,5.8,9.4,93,48,0,0,1005,29.69,10,6,1,9.6,15.5
Bangladesh,Asia,W,3.4,5.4,52,70,0,0,1000,29.53,10,6,7,4.7,7.6
Barbados,America,E,12.63333333,20.35,81,29.16666667,0.133333333,0.005,1012.5,29.89666667,10,6,1,18.13333333,29.16666667
Barbados,America,SW,6.9,11.2,79,25,0.1,0,1010,29.83,10,6,6,10.1,16.2
Belarus,Europe,E,6.9,11.2,61,0,0,0,1012,29.88,10,6,6,13.2,21.2
Belarus,Europe,N,4.3,6.8,100,0,0,0,1026,30.3,10,6,1,11.6,18.7
Belarus,Europe,NW,2.5,4,98,0,0,0,1025.666667,30.29,10,6,1,4.966666667,8.066666667
Belarus,Europe,SE,9.4,15.1,100,37,2.4,0.09,1007,29.74,10,6,1,20.4,32.8
Belarus,Europe,SW,4.3,6.8,88,0,0,0,1022,30.18,10,6,1,16.3,26.3
Belgium,Europe,E,2.6,4.225,85.25,0,0,0,1022.75,30.2025,9,5.25,1,13.65,21.975
Belgium,Europe,NE,3,4.85,80.5,0,0,0,1023,30.21,10,6,1,10.95,17.65
Belgium,Europe,S,4.5,7.2,87.25,18.75,0.225,0.01,1014.75,29.965,10,6,1,11.625,18.7
Belgium,Europe,SE,4.033333333,6.466666667,90.33333333,25,0.3,0.013333333,1014,29.94,10,6,1,9.866666667,15.83333333
Belgium,Europe,SW,5.3,8.533333333,94,33.33333333,1.133333333,0.043333333,1011.333333,29.86666667,9.333333333,5.333333333,1,10.73333333,17.26666667
Belgium,Europe,W,4.3,6.8,77,25,0,0,1012,29.88,10,6,5,6.3,10.1
Belize,America,E,7.928571429,12.77142857,76.14285714,39.28571429,0.057142857,0.002857143,1010.857143,29.84857143,10,6,7.428571429,9.942857143,16.01428571
Belize,America,NW,3.8,6.1,89,25,0.1,0,1009,29.8,10,6,6,6.5,10.4
Belize,America,S,3.25,5.2,85,68,0.05,0,1009.5,29.82,10,6,4,7.5,12.05
Belize,America,SE,3.8,6.1,79,25,0.3,0.01,1010,29.83,10,6,6,12.5,20.2
Belize,America,SW,4.3,6.8,95,70,0.7,0.03,1009,29.78,9,5,1,7.6,12.2
Benin,Africa,SW,10.52857143,16.92857143,89,35.71428571,2.385714286,0.094285714,1013.857143,29.93571429,10,6,1.714285714,10.61428571,17.07142857
Benin,Africa,W,12.5,20.2,94,75,0,0,1015,29.97,3.2,1,1,14.5,23.4
Bhutan,Asia,NE,4.2,6.78,91.4,37.6,0.06,0.002,1014,29.946,9.8,5.8,1,8.84,14.26
Bhutan,Asia,SW,3.4,5.4,65,11,0,0,1011,29.86,10,6,5,3.8,6.1
Bolivia,America,N,4,6.45,35.5,19.5,0.016666667,0,1005.5,29.685,10,6,1,7.25,11.7
Bolivia,America,NE,8.25,13.3,57,37.5,0.1,0.005,1013,29.905,10,6,1,10.55,16.9
Bolivia,America,NW,7.8,12.6,68,70,0.9,0.04,1013,29.91,9,5,1,10.3,16.6
Bolivia,America,W,2.2,3.6,41.5,8.5,0,0,1011.5,29.865,10,6,1,4.7,7.6
Bosnia and Herzegovina,Europe,E,2.2,3.6,100,0,0,0,1022,30.18,10,6,1,6,9.7
Bosnia and Herzegovina,Europe,N,3.25,5.2,80,62.5,1.45,0.055,1022,30.18,10,6,1,11.05,17.85
Bosnia and Herzegovina,Europe,NW,2.5,4,100,0,0,0,1022,30.18,10,6,1,6.9,11.2
Bosnia and Herzegovina,Europe,S,2.2,3.6,100,0,0,0,1011,29.85,10,6,1,7.6,12.2
Bosnia and Herzegovina,Europe,SE,10.4,16.75,73.5,25,0,0,1014,29.945,10,6,3.5,8.95,14.4
Botswana,Africa,NE,9.4,15.1,35,6,0,0,1031,30.44,10,6,5,10.7,17.3
Botswana,Africa,SW,5.6,9,20,0,0,0,1021,30.15,10,6,1,9.4,15.1
Brazil,America,E,4,6.45,42,7.5,0,0,1008,29.77,10,6,1,8.4,13.5
Brazil,America,NE,3.7,5.95,37.5,10.5,0,0,1009,29.795,10,6,1,7.35,11.9
Brazil,America,SE,2.5,4,33,24,0,0,1008,29.77,10,6,1,5.1,8.3
Brunei Darussalam,Asia,S,4.95,7.9,97,75,0.6,0.025,1011,29.855,8.5,5,5.5,5.1,8.3
Brunei Darussalam,Asia,SW,3.725,5.925,98.5,75,0.075,0.0025,1009.25,29.8075,9.75,5.75,5.25,6.2,10
Brunei Darussalam,Asia,W,6.9,11.2,79,75,0.4,0.02,1006,29.71,10,6,6,11.4,18.4
Bulgaria,Europe,E,6.45,10.38333333,68.66666667,31.16666667,0.016666667,0,1018.833333,30.08666667,10,6,1.833333333,7.6,12.21666667
Bulgaria,Europe,N,2.2,3.6,80,62.5,0,0,1017.75,30.0525,10,6,1,3.925,6.3
Bulgaria,Europe,NE,2.2,3.6,94,100,2.5,0.1,1018,30.06,10,6,1,7.4,11.9
Bulgaria,Europe,NW,3.45,5.55,61,40.5,0,0,1020,30.125,10,6,1,4.7,7.55
Bulgaria,Europe,S,2.7,4.3,69,13,0,0,1008,29.75,10,6,1,5.6,9
Bulgaria,Europe,SE,4.4,7.1,54.33333333,29.33333333,0.1,0.003333333,1009.666667,29.80666667,10,6,3.666666667,6.133333333,9.833333333
Bulgaria,Europe,SW,3.1,5,50,6,0,0,1019,30.1,10,6,1,6.5,10.4
Bulgaria,Europe,W,5.15,8.275,61.5,45.75,0.025,0,1016.25,30.0125,10,6,1,11.325,18.25
Burkina Faso,Africa,S,4.933333333,7.9,89.66666667,15,0.033333333,0,1013,29.91333333,10,6,1,13.56666667,21.83333333
Burkina Faso,Africa,SW,6,9.7,78,85,0.1,0,1013,29.91,10,6,1,10.7,17.3
Burundi,Africa,N,4.5,7.2,82,79,0.6,0.02,1014,29.95,9,5,1,6,9.7
Burundi,Africa,NE,4.3,6.8,80,78,0.3,0.01,1015,29.97,9,5,1,6,9.7
Burundi,Africa,SE,2.2,3.6,61.5,8.5,0,0,1013,29.915,10,6,1,1.8,2.85
Cambodia,Asia,N,2.2,3.6,89,75,0,0,1007,29.74,9,5,7,6,9.7
Cambodia,Asia,NW,6.9,11.2,75,75,0,0,1003,29.62,8,4,8,17.4,28.1
Cambodia,Asia,S,3.6,5.775,95.5,62.5,0.05,0,1004.25,29.6575,9.5,5.5,6.5,7.65,12.35
Cambodia,Asia,SE,3.8,6.1,100,75,0.5,0.02,1006,29.71,9,5,1,8.7,14
Cambodia,Asia,W,8.1,13,67,25,0,0,1007,29.74,10,6,8,16.1,25.9
Cameroon,Africa,SW,2.2,3.6,97,100,0.1,0,1016,30.01,0,0,1,4.3,6.8
Cameroon,Africa,W,2.98,4.76,96.6,63.8,3.22,0.126,1015.8,30,4.8,2.6,1,5.1,8.22
Canada,America,S,6.1,9.8,73.4,50,0,0,1011.6,29.874,24,14,6,10.78,17.38
Cape Verde,Atlantic,N,10.23333333,16.46666667,82.33333333,41.66666667,0.2,0.006666667,1011.666667,29.87333333,10,6,1,15.03333333,24.23333333
Cape Verde,Atlantic,NE,4.3,6.8,84,25,0,0,1014,29.94,10,6,1,10.7,17.3
Cape Verde,Atlantic,NW,2.5,4,84,25,0.8,0.03,1015,29.97,10,6,1,3.4,5.4
Cape Verde,Atlantic,S,9.4,15.1,84,25,0.1,0,1012,29.88,10,6,1,22.6,36.4
Cape Verde,Atlantic,SW,13.6,22,89,50,0.5,0.02,1013,29.91,10,6,1,29.5,47.5
Cape Verde,Atlantic,W,9.4,15.1,89,75,0,0,1009,29.8,10,6,1,15.9,25.6
Central African Republic,Africa,N,2.2,3.6,91.5,25,0.325,0.0125,1014,29.94,7.5,4.25,1,4,6.375
Central African Republic,Africa,NW,3.966666667,6.333333333,94,41.66666667,0.933333333,0.04,1013,29.91,8.666666667,4.666666667,1,4.1,6.6
Central African Republic,Africa,SW,2.2,3.6,89,0,0.3,0.01,1013,29.91,10,6,1,5.1,8.3
Chad,Africa,S,5.875,9.45,76.25,5.5,0,0,1010.75,29.845,7.75,4.25,1,13.875,22.3
Chad,Africa,SW,7.266666667,11.63333333,83.33333333,16.66666667,0,0,1011.666667,29.87,7.666666667,4,3,11.93333333,19.2
Chile,America,NE,3.8,6.1,87,0,0,0,1021,30.15,10,6,1,8.5,13.7
Chile,America,NW,3.8,6.1,88,75,0,0,1016,30,5,3,1,2.5,4
Chile,America,S,8.825,14.225,72.25,68.75,0,0,1018.75,30.0825,9,5.25,1,2.8,4.5
Chile,America,SW,7.125,11.425,71,56.25,0.125,0.005,1017.5,30.045,10,6,1.5,3.575,5.75
China,Asia,E,2.35,3.8,97,0,0,0,1014,29.94,2.8,1,5.5,3.8,6.15
China,Asia,N,3.775,6,98.5,25,0.75,0.03,1011.25,29.8625,6.7,3.5,4.75,4.8,7.75
China,Asia,NE,2.9,4.666666667,77,0,0,0,1013,29.91333333,7.6,4.333333333,6.333333333,5.9,9.5
Comoros,Indian,E,3.6,5.733333333,80.33333333,17,0,0,1014.333333,29.95,10,6,1,4.7,7.566666667
Comoros,Indian,N,3.35,5.4,74,2,0,0,1015.5,29.99,10,6,1,6.6,10.65
Comoros,Indian,SE,8.9,14.26666667,77,34.33333333,0.066666667,0.003333333,1017.666667,30.05,10,6,1,12.13333333,19.56666667
Congo,Africa,SW,5.6,9,51,62,0,0,1015,29.96,10,6,8,6.5,10.4
Congo,Africa,W,6.271428571,10.05714286,68.28571429,24.14285714,0.185714286,0.007142857,1014.142857,29.95,8.857142857,4.857142857,1,10.71428571,17.22857143
Costa Rica,America,E,13.6,22,61,100,1.2,0.05,1015,29.96,10,6,5,4.3,6.8
Costa Rica,America,NW,4.566666667,7.3,86.66666667,41.66666667,0.433333333,0.016666667,1015.666667,29.99666667,10,6,3.666666667,4.4,7.1
Costa Rica,America,SW,4.3,6.8,94,75,0,0,1015,29.98,0.5,0,1,4.5,7.2
Costa Rica,America,W,5.6,9,83,75,0.3,0.01,1015,29.96,10,6,5,1.8,2.9
Croatia,Europe,N,2.2,3.6,78,0,0,0,1024,30.24,10,6,1,7.2,11.5
Croatia,Europe,NE,6,9.6,81.33333333,50,0,0,1013,29.91666667,10,6,1,7.233333333,11.63333333
Croatia,Europe,S,2.2,3.6,69,25,0,0,1002,29.59,10,6,6,5.6,9
Croatia,Europe,SW,3.8,6.1,94,0,0,0,1023,30.21,10,6,1,7.6,12.2
Croatia,Europe,W,2.5,4,88,0,0,0,1020,30.12,10,6,1,6.5,10.4
Cuba,America,E,9.4,15.1,71,25,0,0,1015,29.97,9,5,7,21.3,34.2
Cuba,America,NE,10.13333333,16.3,66.66666667,58.33333333,0.366666667,0.013333333,1013,29.91,9,5,6.666666667,19.23333333,30.96666667
Cuba,America,SW,7.4,11.85,73,50,0,0,1012,29.88,9,5,7,10.3,16.55
Cyprus,Asia,N,4.55,7.4,59,12.5,0,0,1006.5,29.725,10,6,4.5,8.4,13.5
Cyprus,Asia,SW,4.3,6.8,73,25,0,0,1006,29.71,10,6,1,2.2,3.6
Cyprus,Asia,W,10.36,16.64,79.4,15,0,0,1010.2,29.83,10,6,1,11.18,18
Czech Republic,Europe,E,6.9,11.2,68,0,0,0,1023,30.21,10,6,1,6.5,10.4
Czech Republic,Europe,NW,5.6,9,81,50,0.05,0,1017.5,30.05,10,6,2,6.45,10.45
Czech Republic,Europe,S,9.4,15.1,77,0,0,0,1015,29.97,10,6,1,14.1,22.7
Czech Republic,Europe,W,4.55,7.4,91,87.5,0.5,0.02,1015,29.975,10,6,1,5.15,8.3
Democratic Republic of Congo,Africa,SW,5.6,9,50,60,0,0,1015,29.96,10,6,8,6.5,10.4
Democratic Republic of Congo,Africa,W,6.74,10.78,68,18.2,0,0,1014.2,29.95,8.8,4.8,1,11.24,18.08
Denmark,Europe,E,5.6,9,94,0,0,0,1025,30.27,10,6,1,13,20.9
Denmark,Europe,N,3.25,5.2,83,0,0,0,1016.5,30.015,10,6,3,3.7,5.9
Denmark,Europe,SE,10.5,16.9,83,0,0,0,1020,30.12,10,6,1,19.2,31
Denmark,Europe,SW,4.3,6.8,94,75,2.1,0.08,1007,29.74,10,6,1,12.1,19.4
Denmark,Europe,W,6.7,10.8,84.33333333,25,0,0,1020,30.12,10,6,1,15.76666667,25.3
Djibouti,Africa,E,2.2,3.6,60,10,0,0,1004,29.63,10,6,1,3.8,6.1
Djibouti,Africa,NW,5.15,8.3,62,5,0,0,1005,29.67,10,6,1,9.25,14.9
Djibouti,Africa,SE,8,12.83333333,62.33333333,26,0,0,1004.333333,29.66333333,9.666666667,5.666666667,1,16.56666667,26.63333333
Djibouti,Africa,SW,3.15,5.05,56,4,0,0,1003.5,29.64,10,6,1,6.3,10.05
Dominica,America,E,7.25,11.7,84,66.75,0.425,0.015,1015,29.9675,10,6,1,15.875,25.55
Dominica,America,N,2.2,3.6,89,37,0,0,1011,29.85,10,6,7,3.1,5
Dominica,America,SE,4.95,7.9,81.5,50,0.15,0.005,1013,29.91,10,6,1,14.4,23.25
Dominican Republic,America,E,4.3,6.8,86.5,62.5,0,0,1011.5,29.865,10,6,4.5,8.05,12.95
Dominican Republic,America,N,2.2,3.6,97,62.5,0,0,1014.5,29.955,10,6,1,5.85,9.4
Dominican Republic,America,SE,5.925,9.55,83.25,50,0,0,1012.75,29.9025,10,6,1,7.45,11.975
Ecuador,America,E,5.4,8.6,45,79,0.1,0,1013,29.91,10,6,4,6.7,10.8
Ecuador,America,N,3.65,5.95,67,84.5,1.1,0.04,1013,29.91,9.5,5.5,3.5,4.7,7.55
Ecuador,America,NW,5.1,8.3,66,81,0.1,0,1013,29.91,10,6,3,6.9,11.2
Ecuador,America,SE,4.3,6.8,62,6,0,0,1020,30.11,10,6,1,7.2,11.5
Ecuador,America,SW,6.5,10.4,88,83,2.9,0.11,1015,29.98,7,4,3,12.3,19.8
Egypt,Africa,E,7.15,11.5,52.5,0,0,0,1009.5,29.815,8,4.5,1,7.6,12.2
Egypt,Africa,N,5,8.033333333,64.66666667,16.66666667,0,0,1010,29.82666667,10,6,1,11.56666667,18.6
Egypt,Africa,NE,3.8,6.1,46,0,0,0,1011,29.85,10,6,1,10.3,16.6
Egypt,Africa,NW,11.9,19.1,46,50,0,0,1008,29.77,10,6,1,9.4,15.1
El Salvador,America,N,4.3,6.8,66,25,0.2,0.01,1012,29.88,10,6,6,6.5,10.4
El Salvador,America,NE,4.3,6.8,94,50,0,0,1010,29.82,10,6,1,1.6,2.5
El Salvador,America,S,8.9,14.3,77.66666667,41.66666667,0.4,0.016666667,1012,29.87666667,10,6,6,5.3,8.5
El Salvador,America,SW,4.033333333,6.466666667,81.33333333,25,0.4,0.016666667,1009,29.79,10,6,4.333333333,4.466666667,7.166666667
Equatorial Guinea,Africa,SW,7.4,11.9,90,51,3.7,0.15,1013,29.92,7,4,1,12.5,20.2
Equatorial Guinea,Africa,W,5.533333333,8.866666667,93.66666667,79,1.466666667,0.06,1015.333333,29.98333333,8.666666667,4.666666667,2.666666667,9.466666667,15.26666667
Eritrea,Africa,E,2.2,3.6,65,3,0,0,1011,29.85,10,6,1,1.3,2.2
Eritrea,Africa,N,3.1,5.05,64.5,17.5,0,0,1011.5,29.865,9.5,5.5,1,4.9,7.95
Eritrea,Africa,NE,10.7,17.3,34,87,0.1,0,1012,29.87,10,6,6,16.3,26.3
Eritrea,Africa,S,2.2,3.6,62,5,0,0,1013,29.91,10,6,1,1.8,2.9
Eritrea,Africa,SW,4,6.5,65,74,0.1,0,1014,29.94,10,6,1,8.5,13.7
Eritrea,Africa,W,3.15,5.05,71,43,0.25,0.01,1014,29.95,10,6,1,6.45,10.45
Estonia,Europe,E,4.7,7.6,97,30,0,0,1015.5,29.99,5.3,3,1,13.85,22.35
Estonia,Europe,NW,5.15,8.3,72,12.5,0,0,1022,30.18,10,6,1,14.45,23.2
Estonia,Europe,S,4.3,6.8,100,75,0,0,1002,29.59,10,6,1,8.7,14
Estonia,Europe,SW,4.05,6.45,94,12.5,0,0,1022,30.18,10,6,1,15.1,24.3
Ethiopia,Africa,N,4.3,6.8,94,75,0,0,1026,30.3,10,6,1,4.7,7.6
Ethiopia,Africa,S,8.1,13,83,50,2.7,0.11,1027,30.33,10,6,3,2.7,4.3
Ethiopia,Africa,W,4.05,6.5,91,50,0.05,0,1026.5,30.315,10,6,1,4.1,6.65
Fiji Islands,Pacific,E,12.5,20.2,79,75,0,0,1016,30,10,6,5,14.1,22.7
Fiji Islands,Pacific,NE,13.6,22,70,75,0,0,1015,29.97,10,6,7,12.3,19.8
Fiji Islands,Pacific,SE,8.1,13,70,37.5,0,0,1017.5,30.045,10,6,6,10.85,17.45
Finland,Europe,E,4.3,6.8,100,100,0,0,1002,29.59,7,4,1,6.5,10.4
Finland,Europe,N,2.2,3.6,100,0,0,0,1021,30.15,9,5,1,7.6,12.2
Finland,Europe,NE,4.95,7.9,97,50,0.05,0,1010.5,29.84,10,6,1,13.65,22
Finland,Europe,S,4.95,7.9,94,37.5,0.1,0.005,1008.5,29.78,10,6,1,11.75,18.9
Finland,Europe,SW,10,16.05,79,37.5,0,0,1016,30.005,10,6,3,14.4,23.25
Finland,Europe,W,8.1,13,94,0,0,0,1016,30,10,6,1,18.1,29.2
France,Europe,N,3.575,5.75,79,50,0,0,1015.5,29.9875,10,6,1,8.25,13.325
France,Europe,NE,3,4.85,66.5,0,0,0,1016.5,30.015,10,6,1,10.75,17.3
Gabon,Africa,S,7.25,11.7,81.5,65.5,0.15,0.005,1014.5,29.95,10,6,3.5,10.7,17.25
Gabon,Africa,SW,8.4,13.51666667,86.83333333,57.16666667,0.016666667,0,1013.833333,29.93333333,10,6,1,11.93333333,19.21666667
Gambia,Africa,N,2.2,3.6,94.125,65.625,0.5375,0.01875,1012.75,29.90375,10,6,1,20.0125,32.2125
Gambia,Africa,NE,11.9,19.1,94,75,0,0,1015,29.97,9,5,1,8.7,14
Gambia,Africa,S,9.4,15.1,94,75,0.7,0.03,1012,29.88,10,6,6,17.2,27.7
Georgia,Asia,E,8.1,13,65,75,0.2,0.01,1015,29.97,10,6,1,5.6,9
Georgia,Asia,N,2.2,3.6,80,50,0.066666667,0.003333333,1017.333333,30.04,10,6,1,2.766666667,4.433333333
Georgia,Asia,NE,8.1,13,74,37,0,0,1016,30,10,6,1,6.3,10.1
Georgia,Asia,NW,18.3,29.55,71,37.5,0.45,0.02,1013.5,29.925,10,6,1,6.6,10.65
Germany,Europe,E,6,9.6,83,0,0,0,1023,30.21,10,6,1,10.73333333,17.26666667
Germany,Europe,N,9.4,15.1,82,75,0.3,0.01,1009,29.8,10,6,3,8.9,14.4
Germany,Europe,S,4.3,6.8,88,0,0.3,0.01,1005,29.68,10,6,1,9.8,15.8
Germany,Europe,SE,3.8,6.1,88,0,0,0,1026,30.3,10,6,1,8.7,14
Germany,Europe,SW,10.5,16.9,88,0,0,0,1012,29.88,10,6,1,13,20.9
Germany,Europe,W,5.6,9,94,0,0,0,1008,29.77,10,6,1,6,9.7
Ghana,Africa,SW,10.3,16.56666667,90.66666667,58.33333333,0.1,0.003333333,1014.333333,29.95,10,6,1,15.01666667,24.18333333
Greece,Europe,E,6.9,11.2,26,25,0,0,1006,29.71,10,6,8,10.5,16.9
Greece,Europe,N,14.94,24.04,59,30,0,0,1011.6,29.87,9.4,5.6,1,16.08,25.84
Grenada,America,E,11.03333333,17.78333333,79.33333333,29.16666667,0.1,0.003333333,1011.833333,29.87666667,10,6,2,17.56666667,28.25
Grenada,America,NE,12.5,20.2,79,25,0,0,1012,29.88,10,6,1,17.4,28.1
Guatemala,America,N,2.2,3.6,91,50,1.6,0.065,1019.5,30.105,10,6,4.5,5.7,9.2
Guatemala,America,NE,8.125,13.05,66,75,0.55,0.02,1018.5,30.075,10,6,5.25,3.675,5.95
Guatemala,America,S,4.3,6.8,95.5,75,1.1,0.04,1016.5,30.025,10,6,3,1.8,2.9
Guinea,Africa,NE,2.2,3.6,89,50,0,0,1014,29.94,10,6,1,1.6,2.5
Guinea,Africa,NW,11.9,19.1,89,75,0.4,0.02,1015,29.97,10,6,1,18.8,30.2
Guinea,Africa,SW,4.55,7.4,86.5,50,1,0.035,1013.5,29.925,10,6,1,10.85,17.45
Guinea,Africa,W,4.55,7.4,89,62.5,0.45,0.015,1013.5,29.925,10,6,1,15.5,25.05
Guinea-Bissau,Africa,N,2.2,3.6,100,25,0,0,1013,29.91,8,4,1,2.2,3.6
Guinea-Bissau,Africa,S,6.9,11.2,84,50,0.5,0.02,1013,29.91,9,5,6,13,20.9
Guinea-Bissau,Africa,SW,6,9.7,91.5,61,0.6,0.025,1013,29.915,8,4.5,1,13.75,22.15
Guyana,America,E,4.55,7.4,89,37.5,0.05,0,1013,29.91,10,6,1,13.55,21.75
Guyana,America,N,2.2,3.6,97,50,0.9,0.035,1012.5,29.895,7.5,4.5,1,12.1,19.45
Guyana,America,NE,5.6,9,81.5,31.25,0.05,0.0025,1011.25,29.86,10,6,1,12.875,20.675
Guyana,America,SW,4.3,6.8,94,25,0,0,1011,29.85,10,6,1,14.1,22.7
Haiti,America,E,10.5,16.9,63,75,0,0,1012,29.89,8,4,7,4.9,7.9
Haiti,America,NE,6.9,11.2,75,50,0,0,1010,29.83,9,5,7,2.9,4.7
Haiti,America,NW,9.4,15.1,63,37,0,0,1010,29.81,9,5,1,3.8,6.1
Haiti,America,S,2.2,3.6,63,100,0,0,1014,29.94,10,6,6,2.9,4.7
Honduras,America,N,16.1,25.9,88,75,1.2,0.05,1018,30.06,10,6,4,9.6,15.5
Honduras,America,NE,5.966666667,9.6,52.66666667,44.66666667,0.133333333,0.006666667,1015,29.97666667,10,6,6.333333333,5.9,9.466666667
Honduras,America,NW,2.2,3.6,74,25,0.8,0.03,1018,30.06,10,6,1,4.7,7.6
Honduras,America,SE,3.8,6.1,88,75,0,0,1017,30.03,10,6,1,6.7,10.8
Hungary,Europe,N,4.683333333,7.5,85.83333333,0,0.1,0.003333333,1019,30.09166667,10,6,1,6.766666667,10.85
Hungary,Europe,NE,2.2,3.6,77,0,0,0,1021,30.15,10,6,1,7.2,11.5
Hungary,Europe,W,4.3,6.8,94,0,0.8,0.03,1009,29.8,10,6,1,3.1,5
Iceland,Atlantic,E,4.3,6.8,82,0,0,0,1010,29.83,10,6,3,5.4,8.6
Iceland,Atlantic,S,15,24.1,96,100,0.1,0,1014,29.93,10,6,1,20.6,33.1
Iceland,Atlantic,SE,22.53333333,36.26666667,90.33333333,91,1.133333333,0.043333333,1004.666667,29.67,9,5.333333333,1,34.23333333,55.06666667
Iceland,Atlantic,SW,19.1,30.75,76,47,0.2,0.01,1005,29.67,10,6,1,28.75,46.25
India,Asia,E,5.6,9,79,75,0,0,1005,29.68,2.5,1,1,7.2,11.5
India,Asia,N,2.2,3.6,74.5,75,0,0,1005.5,29.695,3.1,1,1,3.8,6.1
India,Asia,NE,6.9,11.2,89,50,0.05,0,1005,29.68,2.4,0.5,1,7.4,11.9
India,Asia,W,5.7,9.175,65.5,7.75,0,0,1005,29.6775,5.05,2.75,2.75,9.5,15.3
Indonesia,Asia,NE,16.1,25.9,63,25,0,0,1007,29.74,8,4,8,15.4,24.8
Indonesia,Asia,S,4.711111111,7.555555556,77.66666667,25.88888889,0,0,1012.222222,29.88555556,7.888888889,4.555555556,6.222222222,5.722222222,9.2
Indonesia,Asia,SE,2.2,3.6,78,25,0,0,1012,29.88,5,3,7,1.6,2.5
Indonesia,Asia,SW,3.433333333,5.5,92.33333333,27.33333333,0,0,1012,29.88333333,6.333333333,3.666666667,6.333333333,3.5,5.633333333
Iran,Asia,N,4.92,7.92,23.8,20,0,0,1015.2,29.97,10,6,1,3.18,5.12
Iran,Asia,NW,9.4,15.1,21,0,0,0,1012,29.89,10,6,1,1.3,2.2
Iran,Asia,S,4.3,6.8,36,0,0,0,1016,30.01,10,6,1,3.1,5
Iran,Asia,SE,8.15,13.15,16.5,37.5,0,0,1012,29.875,10,6,4.5,9.4,15.15
Iraq,Asia,N,3.533333333,5.666666667,17.66666667,0,0,0,1004.333333,29.66,10,6,1,23.2,37.3
Iraq,Asia,NW,4.55,7.4,23,0,0,0,1003,29.61,10,6,5,17.45,28.05
Iraq,Asia,SW,2.5,4,35,0,0,0,1003,29.62,10,6,1,12.1,19.4
Ireland,Europe,E,3.6,5.733333333,92,50,0,0,1014.666667,29.96333333,10,6,1,8.433333333,13.53333333
Ireland,Europe,N,5.6,9,94,50,0,0,1016,30,10,6,1,7.6,12.2
Ireland,Europe,NE,6.9,11.2,97,62.5,0,0,1017,30.03,4.75,2.5,1,5.35,8.65
Ireland,Europe,SW,2.2,3.6,100,25,0,0,1025,30.27,10,6,1,5.6,9
Ireland,Europe,W,13.05,21.1,91,75,0,0,1011,29.855,10,6,2.5,13.45,21.6
Israel,Asia,NW,2.2,3.6,68,0,0,0,1010.5,29.84,10,6,1,8.5,13.7
Israel,Asia,SE,6.9,11.2,79,25,0,0,1008,29.77,10,6,1,10.1,16.2
Israel,Asia,W,5.633333333,9.133333333,70,41.66666667,0,0,1008.333333,29.77666667,10,6,3,12.7,20.4
Italy,Europe,E,4.3,6.8,53,0,0,0,1016,30,10,6,1,12.3,19.8
Italy,Europe,N,6.9,11.2,61,0,0,0,1015,29.97,10,6,1,8.5,13.7
Italy,Europe,NE,4.7,7.55,67,25,0,0,1011,29.855,10,6,1,8.3,13.35
Italy,Europe,SE,4.3,6.8,53.5,0,0,0,1017.5,30.045,10,6,1,11.7,18.9
Jamaica,America,N,8.1,13,70,62,0,0,1010,29.83,10,6,6,3.6,5.8
Jamaica,America,SE,20,32.2,73.4,40,0,0,1011.4,29.862,10,6,5.4,4.3,6.92
Japan,Asia,N,8.425,13.525,83,75,0.275,0.0125,1011,29.855,8.25,4.75,6.25,11.875,19.075
Japan,Asia,S,11.4,18.375,65.5,25,0,0,1012.25,29.89,10,6,7.25,13.675,22.05
Japan,Asia,SW,11.9,19.1,75,75,0,0,1007,29.74,10,6,7,4.7,7.6
Jordan,Asia,N,2.2,3.6,44,0,0,0,1014.6,29.958,6.8,3.6,1,8.44,13.62
Jordan,Asia,NW,5.6,9,73,0,0,0,1014,29.94,7,4,1,10.5,16.9
Jordan,Asia,W,5.3,8.475,45.25,12.5,0,0,1014,29.94,6.25,3.25,2.5,12.075,19.425
Kazakhstan,Asia,E,6.9,11.2,94,0,0,0,1012,29.88,10,6,1,14.1,22.7
Kazakhstan,Asia,N,6.9,11.2,94,100,0,0,1015,29.97,10,6,1,13.6,22
Kazakhstan,Asia,NW,6.9,11.2,93,75,0.1,0,1001,29.56,5,3,1,11,17.6
Kazakhstan,Asia,S,11.475,18.45,89.5,50,0.075,0.0025,1005.25,29.685,10,6,1,16.125,25.9
Kazakhstan,Asia,W,6.9,11.2,81,75,0,0,1017,30.03,10,6,1,9.8,15.8
Kenya,Africa,N,3.575,5.75,77.25,62.5,0.05,0,1023.5,30.225,10,6,1,8.325,13.4
Kenya,Africa,NE,4.05,6.5,83,75,0,0,1022.5,30.195,10,6,1,6.8,11
Kenya,Africa,NW,2.2,3.6,78,70,0.3,0.01,1016,29.99,9,5,1,2.5,4
Kenya,Africa,S,11.9,19.1,82,75,0,0,1024,30.24,10,6,1,4.5,7.2
Kiribati,Pacific,E,12.9,20.7625,75.375,64.375,0.3,0.0125,1010.375,29.83375,9.875,5.875,5.5,17.4,27.9875
Kiribati,Pacific,SE,8.7,14,74,23,0,0,1010,29.83,10,6,7,11.9,19.1
Kuwait,Asia,N,7.6,12.2,30,0,0,0,1003,29.62,10,6,8,13.4,21.6
Kuwait,Asia,NE,2.2,3.6,55,0,0,0,1003,29.62,10,6,1,2.9,4.7
Kuwait,Asia,NW,12.825,20.625,27.5,0,0,0,1002.5,29.605,10,6,1,26.45,42.575
Kuwait,Asia,SE,2.2,3.6,23,0,0,0,999,29.5,10,6,9,2.5,4
Kyrghyzstan,Asia,S,3.55,5.675,41.75,18.75,0,0,1013.75,29.9325,10,6,1,7.075,11.45
Kyrghyzstan,Asia,SW,2.7,4.3,58.5,9.5,0,0,1016,29.995,10,6,1,5.05,8.1
Latvia,Europe,E,4.3,6.8,88,0,0.1,0,1004,29.65,10,6,1,14.1,22.7
Latvia,Europe,N,2.2,3.6,93,0,0,0,1028,30.36,10,6,1,8.7,14
Latvia,Europe,S,7.3,11.76666667,96,16.66666667,1.733333333,0.066666667,1019.333333,30.10333333,10,6,1,13.36666667,21.46666667
Latvia,Europe,SE,4.95,7.9,94,50,0,0,1006,29.705,10,6,3,5.05,8.1
Latvia,Europe,SW,3.266666667,5.266666667,96,25,0.033333333,0,1020.333333,30.13,10,6,1,8.566666667,13.8
Lebanon,Asia,E,3.8,6.1,51,0,0,0,1013,29.91,10,6,1,7.4,11.9
Lebanon,Asia,S,6.9,11.2,74,75,0,0,1013,29.91,10,6,1,4.5,7.2
Lebanon,Asia,SE,3.8,6.1,70,50,0,0,1013,29.91,10,6,1,7.6,12.2
Lebanon,Asia,SW,15,24.1,62,75,0,0,1007,29.74,6,3,7,20.4,32.8
Lesotho,Africa,NE,4.233333333,6.866666667,30.33333333,4,0,0,1019.666667,30.11333333,10,6,1,8.933333333,14.4
Lesotho,Africa,NW,3.4,5.4,24,0,0,0,1016,30.01,10,6,1,6.9,11.2
Lesotho,Africa,SW,6.5,10.4,31,0,0,0,1023,30.2,10,6,1,11.9,19.1
Lesotho,Africa,W,2.7,4.3,15,0,0,0,1030,30.42,10,6,5,3.1,5
Liberia,Africa,N,2.2,3.6,93.44444444,69.44444444,0.911111111,0.034444444,1013.222222,29.91666667,9.444444444,5.555555556,1.555555556,11.06666667,17.83333333
Liberia,Africa,SW,4.3,6.8,96,100,17.7,0.7,1014,29.95,5,3,1,6.3,10.1
Liberia,Africa,W,2.2,3.6,100,75,0.2,0.01,1015,29.98,9,5,1,10.1,16.2
Liechtenstein,Europe,E,3.4,5.4,97,37.5,0.1,0.005,1015.5,29.985,10,6,1.5,6.35,10.25
Liechtenstein,Europe,N,2.2,3.6,94,0,0,0,1026,30.3,10,6,1,9.4,15.1
Liechtenstein,Europe,S,2.2,3.6,98.5,18.75,0,0,1020.25,30.1275,10,6,1,9.825,15.85
Liechtenstein,Europe,SW,2.5,4,100,0,0,0,1018,30.06,10,6,1,9.4,15.1
Liechtenstein,Europe,W,3.8,6.1,94,0,0,0,1020,30.12,10,6,1,9.4,15.1
Lithuania,Europe,N,2.2,3.6,82,0,0,0,1021,30.15,10,6,1,6,9.7
Lithuania,Europe,S,6.26,10.06,88.4,32,0,0,1018.6,30.08,8.04,4.8,1,10.52,16.96
Lithuania,Europe,SW,9.4,15.1,73,25,0,0,1005,29.68,10,6,1,16.8,27
Lithuania,Europe,W,9.4,15.1,83,50,0,0,1022,30.18,10,6,1,12.3,19.8
Luxembourg,Europe,E,3.8,6.1,100,0,0,0,1018,30.06,10,6,1,6,9.7
Luxembourg,Europe,NE,9.58,15.42,77,0,0,0,1022,30.18,10,6,1,11.56,18.58
Luxembourg,Europe,NW,6.9,11.2,77,25,0.1,0,1012,29.88,10,6,4,5.6,9
Luxembourg,Europe,S,5.6,9,100,75,1.8,0.07,1013,29.91,3,1,1,8.7,14
Luxembourg,Europe,SW,2.2,3.6,100,50,0,0,1010,29.83,10,6,1,5.6,9
Macedonia,Europe,E,3.8,6.1,68,25,0,0,1011,29.85,10,6,1,8.9,14.4
Macedonia,Europe,N,3.05,4.95,72.75,37.5,0.25,0.01,1018.25,30.0675,10,6,1,7.15,11.5
Macedonia,Europe,NE,2.2,3.6,43,25,0,0,1005,29.68,10,6,8,3.8,6.1
Macedonia,Europe,NW,5.6,9,83,75,0.7,0.03,1019,30.09,10,6,1,13.6,22
Macedonia,Europe,S,2.2,3.6,68,25,0.1,0,1019,30.09,10,6,1,1.3,2.2
Macedonia,Europe,W,2.2,3.6,88,25,0,0,1007,29.74,10,6,1,7.4,11.9
Madagascar,Indian,E,4.933333333,7.933333333,94.33333333,16.66666667,0,0,1024.333333,30.24333333,10,6,1,6.533333333,10.56666667
Madagascar,Indian,NE,6,9.6,69.75,2,0,0,1019,30.0875,10,6,1,9.675,15.575
Madagascar,Indian,SE,9.45,15.225,76.75,54.25,0.05,0.0025,1023.5,30.2225,10,6,1.75,8.625,13.85
Malawi,Africa,E,9.4,15.1,68,0,0,0,1021,30.15,10,6,1,6.7,10.8
Malawi,Africa,S,6.9,11.2,72,0,0,0,1024,30.24,10,6,1,8.9,14.4
Malawi,Africa,SE,3.025,4.85,43.75,7.25,0,0,1015.75,29.9925,10,6,1,5.65,9.1
Malawi,Africa,SW,11.9,19.1,88,25,0,0,1029,30.39,10,6,6,7.2,11.5
Malaysia,Asia,N,2.2,3.6,91.5,25,0.1,0.003333333,1009.666667,29.81833333,8.833333333,5,1,2.6,4.2
Malaysia,Asia,SE,2.2,3.6,79,25,0,0,1011,29.85,10,6,7,1.8,2.9
Malaysia,Asia,SW,2.2,3.6,89,25,1.4,0.06,1007,29.74,9,5,6,5.6,9
Malaysia,Asia,W,2.2,3.6,89,25,0.4,0.02,1010,29.83,9,5,1,2,3.2
Maldives,Indian,NW,11,17.6,72,48,0,0,1012,29.88,10,6,7,14.3,23
Maldives,Indian,W,15.2,24.5,78,81.66666667,0.633333333,0.023333333,1009.666667,29.80333333,10,6,1,24.23333333,39.03333333
Mali,Africa,E,4.3,6.8,94,25,0,0,1016,30,10,6,1,4.3,6.8
Mali,Africa,N,2.5,4,89,25,0,0,1016,30,10,6,1,8.5,13.7
Mali,Africa,NE,2.5,4,100,25,0.1,0,1016,30,10,6,1,9.4,15.1
Mali,Africa,NW,3.8,6.1,84,25,0.5,0.02,1014,29.94,10,6,1,6.3,10.1
Mali,Africa,S,2.2,3.6,89,25,0,0,1015,29.97,10,6,1,9.4,15.1
Mali,Africa,SE,6.9,11.2,100,50,0,0,1017,30.03,4,2,1,9.2,14.8
Mali,Africa,SW,3.25,5.2,100,25,1.6,0.065,1014,29.94,10,6,1,9.6,15.5
Mali,Africa,W,3.8,6.1,79,25,1,0.04,1015,29.97,10,6,1,11.9,19.1
Malta,Europe,E,5.566666667,8.866666667,81.33333333,16.66666667,0,0,1017,30.03,10,6,1,9.833333333,15.83333333
Malta,Europe,N,5.6,9,83,25,0.9,0.04,1013,29.91,10,6,1,29.1,46.8
Malta,Europe,NW,5.6,9,83,0,0,0,1018,30.06,10,6,1,11.4,18.4
Malta,Europe,W,4.3,6.8,73,0,0,0,1018,30.06,10,6,1,7.8,12.6
Marshall Islands,Pacific,E,12.75,20.55,73,75,0.1,0,1009.5,29.805,28,16.5,6,21.7,34.9
Marshall Islands,Pacific,NE,6.2,9.9,75,62.5,0.1,0.005,1010.5,29.845,28,16.5,6.5,15,24.1
Marshall Islands,Pacific,S,5.6,9,71,75,0.3,0.01,1012,29.87,24,14,6,13.4,21.6
Marshall Islands,Pacific,SW,5.45,8.85,81.5,88.5,0.45,0.02,1012,29.87,13,7.5,6,9.05,14.55
Mauritania,Africa,NW,16.125,25.925,76.25,11.75,0,0,1011.75,29.88,10,6,1,23.45,37.7
Mauritania,Africa,SE,12.3,19.8,70,11,0,0,1013,29.9,10,6,7,17.2,27.7
Mauritania,Africa,SW,15,24.1,81,89,1.95,0.08,1013,29.91,8.5,5,1,22.05,35.45
Mauritania,Africa,W,12.1,19.4,81,22.5,0,0,1014.5,29.97,10,6,1,17.25,27.75
Mauritius,Indian,E,10.9,17.55,74.75,56.25,0,0,1020.75,30.1425,10,6,1,18.725,30.15
Mauritius,Indian,NW,4.3,6.8,91,37.5,0.1,0,1018.5,30.075,10,6,1,9.05,14.6
Mauritius,Indian,SE,5.15,8.3,83,37.5,0,0,1021,30.15,10,6,3.5,12.2,19.6
Mexico,America,E,13.6,22,60,100,0,0,1026,30.29,9.7,6,6,9.6,15.5
Mexico,America,N,14.65,23.6,33,68.5,0,0,1024,30.245,14.5,8.5,6.5,7.6,12.2
Mexico,America,NE,11.9,19.1,40.5,62.5,0,0,1024.5,30.255,14.5,8.5,4,7.5,12.1
Mexico,America,NW,9.4,15.1,83,100,0,0,1025,30.26,1.6,0,5,11.4,18.4
Micronesia,Pacific,E,5.6,9,75,100,0,0,1010,29.83,24,14,7,11.6,18.7
Micronesia,Pacific,NW,5.6,9,81.5,62.5,0.1,0.005,1010.5,29.83,24,14,6.5,2.1,3.4
Micronesia,Pacific,S,4.3,6.8,84,100,0,0,1011,29.84,24,14,6,8.9,14.4
Micronesia,Pacific,SE,3.8,6.1,79,100,5.7,0.22,1011,29.84,21,13,6,13,20.9
Micronesia,Pacific,SW,8.1,13,84,100,0.4,0.02,1011,29.86,24,14,6,9.6,15.5
Micronesia,Pacific,W,6.9,11.2,89,100,0.1,0,1009,29.8,24,14,6,23.7,38.2
Monaco,Europe,N,13.6,22,68,75,0.2,0.01,1003,29.62,10,6,1,4,6.5
Monaco,Europe,NW,6.9,11.2,69,0,0,0,1020,30.12,10,6,1,4.7,7.6
Monaco,Europe,S,12.5,20.2,73,50,0,0,1002,29.59,10,6,6,13.9,22.3
Mongolia,Asia,E,11.9,19.1,81,0,0,0,1012,29.88,10,6,1,6.7,10.8
Mongolia,Asia,N,2.2,3.6,80,16.66666667,0.066666667,0.003333333,1016,30,10,6,5.333333333,9.933333333,15.93333333
Mongolia,Asia,NW,2.2,3.6,93,25,0,0,1015,29.97,10,6,6,11.2,18
Mongolia,Asia,S,2.2,3.6,87,25,0,0,1019,30.09,10,6,7,12.1,19.4
Mongolia,Asia,W,10.25,16.6,63,50,0,0,1012,29.885,10,6,3.5,8.15,13.15
Montenegro,Europe,N,11.68571429,18.82857143,47.42857143,0,0,0,1015.571429,29.98714286,10,6,1,18.08571429,29.15714286
Montenegro,Europe,NE,8.1,13,94,100,2.4,0.09,1007,29.74,10,6,1,2.5,4
Montenegro,Europe,S,2.2,3.6,65,50,0.3,0.01,1006,29.71,10,6,5,8.9,14.4
Morocco,Africa,N,2.2,3.6,95.71428571,32.14285714,0,0,1014.714286,29.96142857,5,3,1,5.314285714,8.557142857
Morocco,Africa,SE,3.8,6.1,78,50,0.4,0.02,1009,29.8,5,3,1,9.8,15.8
Morocco,Africa,SW,5.6,9,100,50,0,0,1012,29.88,5,3,1,10.5,16.9
Morocco,Africa,W,7.5,12.1,80.5,37.5,0,0,1014.5,29.955,5,3,3.5,11.3,18.2
Mozambique,Africa,N,6.9,11.2,77,0,0,0,1015,29.96,10,6,1,12.5,20.2
Mozambique,Africa,NE,9.4,15.1,88,75,0,0,1019,30.09,10,6,1,10.5,16.9
Mozambique,Africa,S,16.1,25.9,78,75,0,0,1016,30,10,6,1,24.8,40
Mozambique,Africa,SE,10.5,16.9,64,75,0.1,0,1033,30.5,10,6,5,6.3,10.1
Mozambique,Africa,SW,5.4,8.633333333,92,50,0.033333333,0,1021,30.15,10,6,1,6.266666667,10.06666667
Myanmar,Asia,SE,2.2,3.6,95,80,0,0,1003,29.61,2,1,6,2,3.2
Myanmar,Asia,SW,4.975,8,93.75,68.25,0.275,0.01,1006.75,29.73,10,6,3.5,8.125,13.05
Myanmar,Asia,W,10.3,16.6,68,62,0,0,1002,29.58,10,6,8,13.6,22
Namibia,Africa,E,4.825,7.725,35.75,0,0,0,1024.25,30.2475,10,6,1,10.35,16.65
Nepal,Asia,E,2.2,3.6,94,75,0,0,1015,29.97,7,4,1,3.4,5.4
Nepal,Asia,N,2.2,3.6,91.25,68.75,0.1,0.0025,1013.75,29.9325,7,3.75,4,2.575,4.125
Nepal,Asia,NE,4.3,6.8,88,75,0,0,1012,29.88,7,4,5,4.9,7.9
Nepal,Asia,SE,2.2,3.6,94,75,0.5,0.02,1014,29.94,7,4,4,2.5,4
Nepal,Asia,SW,3.8,6.1,94,50,0,0,1013,29.91,7,4,5,2.9,4.7
Netherlands,Europe,E,4.88,7.84,88.4,10,0,0,1018.4,30.072,9,5.4,1,9.84,15.82
Netherlands,Europe,NW,2.2,3.6,100,0,0,0,1016,30,4,2,1,5.6,9
Netherlands,Europe,S,8.1,13,82,25,0,0,1006,29.71,10,6,1,14.8,23.8
New Zealand,Pacific,N,17.23333333,27.8,72.33333333,37.5,0.033333333,0,1026.666667,30.31666667,10,6,3.666666667,21.31666667,34.33333333
New Zealand,Pacific,S,6.9,11.2,67,0,0,0,1022,30.18,10,6,4,4,6.5
New Zealand,Pacific,SW,3.8,6.1,63,100,0.2,0.01,1025,30.27,10,6,3,2.7,4.3
Nicaragua,America,E,8.566666667,13.8,67.66666667,50,0.133333333,0.003333333,1008.333333,29.77333333,10,6,6.333333333,18.03333333,29.03333333
Nicaragua,America,N,2.9,4.666666667,88,41.66666667,0,0,1009.333333,29.79333333,10,6,3,8.333333333,13.43333333
Nicaragua,America,NE,9.4,15.1,70,50,0.1,0,1009,29.8,9,5,6,21,33.8
Niger,Africa,E,3.8,6.1,84,0,0.2,0.01,1014,29.94,10,6,1,11.4,18.4
Niger,Africa,S,5.95,9.55,81,0,0,0,1013.5,29.925,9,5,1,14.75,23.75
Nigeria,Africa,E,3.4,5.4,94,25,0.65,0.025,1016,30,10,6,1,3.05,4.9
Nigeria,Africa,N,2.2,3.6,92.33333333,8.333333333,1.5,0.06,1016,30,10,6,1,3.8,6.133333333
Nigeria,Africa,SE,6.9,11.2,94,75,1.8,0.07,1014,29.94,10,6,1,3.1,5
Nigeria,Africa,SW,5.6,9,89,0,0.2,0.01,1016,30,10,6,1,4.5,7.2
Nigeria,Africa,W,6.9,11.2,74,50,0,0,1017,30.03,10,6,6,3.6,5.8
North Korea,Asia,E,3.933333333,6.366666667,81.33333333,32,0.2,0.006666667,1013.666667,29.94,10,6,5.666666667,6.033333333,9.733333333
North Korea,Asia,NE,2.533333333,4.1,84.66666667,9.333333333,0,0,1013,29.91666667,10,6,5.666666667,3.266666667,5.3
North Korea,Asia,SE,2.2,3.6,89,13,0,0,1012,29.89,10,6,5,3.4,5.4
Norway,Europe,E,8.1,13,94,25,0,0,1002,29.59,0,0,1,3.6,5.8
Norway,Europe,N,18.6,29.9,77,75,0,0,1013,29.91,10,6,1,9.8,15.8
Norway,Europe,NW,9.4,15.1,67,100,0,0,1019,30.09,10,6,1,9.8,15.8
Norway,Europe,S,22.8,36.73333333,98,25,0,0,1018.333333,30.07,0.666666667,0.333333333,1,2.533333333,4.1
Norway,Europe,SW,25.4,40.85,97,75,0,0,1010,29.825,10,6,2.5,3.05,4.85
Oman,Asia,E,3.25,5.2,79.5,0,0,0,1003,29.62,10,6,1,6.8,11
Oman,Asia,N,3.4,5.475,85.25,6.25,0,0,1002.5,29.605,9.25,5.25,1,3.65,5.85
Oman,Asia,NE,15,24.1,80,0,0,0,1000,29.53,9,5,8,11.9,19.1
Pakistan,Asia,NE,6.3,10.1,55,11,0,0,1005,29.68,10,6,1,13,20.9
Pakistan,Asia,SW,3.6,5.8,45,13,0,0,1005,29.66,10,6,8,4,6.5
Palau,Pacific,N,2.2,3.6,89,75,0,0,1011,29.84,23,14,1,4,6.5
Palau,Pacific,NE,3.8,6.1,84,75,0,0,1011,29.86,23,14,1,10.5,16.9
Palau,Pacific,SW,7.266666667,11.66666667,82.33333333,83.33333333,0.1,0.003333333,1009.666667,29.81,21.66666667,13.33333333,1,17.33333333,27.83333333
Palau,Pacific,W,11.9,19.1,84,87.5,0,0,1009,29.785,16.5,9.5,1,16.35,26.25
Panama,America,N,4.05,6.45,86.5,62.5,1,0.04,1009.5,29.81,9.5,5.5,3.5,9.3,14.95
Panama,America,NW,11.32,18.22,81.2,45,0.68,0.028,1008,29.77,9.8,5.8,5,8.52,13.78
Panama,America,W,4.3,6.8,75,50,1.1,0.04,1007,29.74,10,6,6,8.1,13
Papua New Guinea,Pacific,SE,12.56,20.22,71.6,38,0,0,1013.4,29.928,10,6,5.6,13.62,21.94
Paraguay,America,E,6,9.7,39,10,0,0,1008,29.76,10,6,1,11.6,18.7
Paraguay,America,N,10.3,16.6,26,16,0,0,1000,29.53,10,6,1,17.7,28.4
Paraguay,America,NE,6.8,10.93333333,41,21,0,0,1005.666667,29.7,10,6,1,11.86666667,19.06666667
Paraguay,America,S,5.8,9.4,46,23,0,0,1015,29.96,10,6,1,11.9,19.1
Paraguay,America,SE,3.45,5.6,49,69.5,0,0,1012.5,29.9,10,6,1,6.95,11.15
Peru,America,S,9.425,15.175,80,48,0,0,1012.75,29.90625,10,6,4.25,11.2375,18.075
Philippines,Asia,SW,3.333333333,5.4,94.66666667,100,0.933333333,0.036666667,1006.333333,29.72,8,4.333333333,6,26.03333333,41.9
Philippines,Asia,W,16.1,25.9,75,75,28.7,1.13,1005,29.68,10,6,6,29.3,47.2
Poland,Europe,N,2.2,3.6,94,0,0,0,1024.5,30.255,10,6,1,5.7,9.15
Poland,Europe,NW,2.2,3.6,82,0,0,0,1025,30.27,10,6,1,1.8,2.9
Poland,Europe,SE,3.966666667,6.333333333,86.33333333,25,0,0,1015.333333,29.98333333,10,6,3,6.433333333,10.3
Poland,Europe,SW,2.2,3.6,100,0,0,0,1021,30.15,10,6,1,3.4,5.4
Poland,Europe,W,4.3,6.8,77,0,0,0,1024,30.24,10,6,1,7.6,12.2
Portugal,Europe,N,4.9,7.933333333,74.66666667,25,0,0,1014.666667,29.96333333,10,6,2.666666667,18.26666667,29.43333333
Portugal,Europe,S,15,24.1,94,75,2.4,0.09,1012,29.88,10,6,1,21.5,34.6
Portugal,Europe,SW,6.25,10.1,91,25,0,0,1014.5,29.955,10,6,1,11.1,17.85
Qatar,Asia,E,5.8,9.35,73,0,0,0,1001.5,29.575,10,6,4.5,13.1,21.1
Qatar,Asia,N,2.2,3.6,80,25,0,0,1002,29.59,7,4,1,9.2,14.8
Qatar,Asia,NE,2.2,3.6,75,0,0,0,1002,29.59,10,6,1,6.3,10.1
Qatar,Asia,S,4.3,6.8,84,0,0,0,1001,29.56,3.2,1,1,16.8,27
Qatar,Asia,SE,3.8,6.1,80,0,0,0,1001,29.56,9,5,1,8.9,14.4
Qatar,Asia,W,5.6,9,30,0,0,0,1003,29.62,10,6,1,13.4,21.6
Romania,Europe,N,3.95,6.35,67.33333333,8.333333333,0.066666667,0.003333333,1017.5,30.04666667,10,6,1,11.08333333,17.83333333
Russia,Asia,E,4,6.5,59,48,0,0,1009,29.79,10,6,5,6.7,10.8
Russia,Asia,N,9.4,15.1,63,27,0,0,1012,29.88,10,6,6,10.7,17.3
Russia,Asia,NE,2.2,3.6,60,8,0,0,1012,29.88,10,6,4,3.6,5.8
Russia,Asia,NW,4.066666667,6.466666667,61.66666667,51,0.033333333,0,1010.666667,29.84333333,10,6,2.666666667,6.833333333,11.03333333
Russia,Europe,NW,2.2,3.6,76,0,0,0,1020,30.12,10,6,1,15,24.1
Russia,Europe,S,6.9,11.2,88,0,0,0,1014,29.94,10,6,1,5.8,9.4
Russia,Europe,SE,9.4,15.1,88,0,0,0,1015,29.97,10,6,1,12.5,20.2
Russia,Europe,W,4.3,6.8,94,0,0,0,1021.333333,30.16,10,6,1,7,11.26666667
Rwanda,Africa,E,3.8,6.1,69,50,0.2,0.01,1019,30.09,10,6,1,5.1,8.3
Rwanda,Africa,NE,4.3,6.8,88,25,0,0,1019,30.09,10,6,1,6,9.7
Rwanda,Africa,NW,9.533333333,15.36666667,86.66666667,58.33333333,0.1,0.003333333,1020,30.12,9.333333333,5.333333333,1,6.866666667,11.06666667
Saint Kitts and Nevis,America,E,11.16666667,18,84,8.333333333,0,0,1015.666667,29.99,10,6,1,23.26666667,37.46666667
Saint Kitts and Nevis,America,N,10.5,16.9,79,25,0,0,1012,29.88,10,6,1,21.5,34.6
Saint Kitts and Nevis,America,NE,8.75,14.05,84,37.5,0,0,1014.5,29.955,10,6,1,20.15,32.4
Saint Lucia,America,E,7.5,12.08333333,82.33333333,29.16666667,0.033333333,0,1013.333333,29.92,10,6,1,17.43333333,28.01666667
Saint Lucia,America,N,2.2,3.6,75,50,0.4,0.02,1011,29.85,10,6,1,2.7,4.3
Saint Vincent and the Grenadines,America,E,15.74,25.36,74.4,56.2,0.56,0.022,1013.4,29.928,9.8,5.8,1,22.8,36.74
Samoa,Pacific,SE,5.6,9,75,75,0.1,0,1012,29.88,10,6,6,32.7,52.6
Samoa,Pacific,SW,6.85,11,70.5,75,0,0,1014,29.94,10,6,6.5,28.1,45.2
San Marino,Europe,NW,7.5,12.05,68.5,25,0,0,1009,29.795,10,6,3.5,13.85,22.3
San Marino,Europe,S,2.2,3.6,83,0,0,0,1009,29.8,10,6,1,9.2,14.8
San Marino,Europe,SW,2.5,4,88,0,0,0,1019,30.09,10,6,1,8.5,13.7
San Marino,Europe,W,8.1,13,68,0,0,0,1020,30.12,10,6,1,7.6,12.2
Saudi Arabia,Asia,N,2.2,3.6,14,0,0,0,1009,29.8,10,6,1,2.9,4.7
Saudi Arabia,Asia,NE,6.9,11.2,33,0,0,0,1005,29.68,10,6,1,20.8,33.5
Saudi Arabia,Asia,NW,2.5,4,15,0,0,0,1009,29.8,10,6,1,9.8,15.8
Saudi Arabia,Asia,SE,5.6,9,6,0,0,0,1004,29.65,10,6,10,7.4,11.9
Saudi Arabia,Asia,W,4.266666667,6.833333333,12.83333333,0,0,0,1008.666667,29.79,10,6,1,10.4,16.73333333
Senegal,Africa,N,2.2,3.6,94,25,0.2,0.01,1011,29.85,10,6,1,10.1,16.2
Senegal,Africa,NW,9.4,15.1,84,75,9,0.35,1014,29.94,10,6,1,29.1,46.8
Senegal,Africa,S,17,27.4,80,50,0,0,1014,29.93,10,6,1,23.3,37.4
Senegal,Africa,SE,18.6,29.9,100,75,0.3,0.01,1015,29.97,3,1,1,15.2,24.5
Senegal,Africa,SW,4.3,6.8,89,50,3.6,0.14,1011,29.85,10,6,6,24.4,39.2
Senegal,Africa,W,8.95,14.4,86.5,37.5,0,0,1013.5,29.925,10,6,1,18.7,30.05
Serbia,Europe,E,2.2,3.6,68,0,0,0,1020,30.12,10,6,1,9.4,15.1
Serbia,Europe,NE,5.6,9,72.5,0,0,0,1021,30.15,10,6,1,9.35,15.1
Serbia,Europe,NW,6.9,11.2,94,0,0,0,1021,30.15,10,6,1,8.9,14.4
Serbia,Europe,SE,7.85,12.6,76.5,12.5,0.05,0,1003.5,29.635,10,6,3,7.05,11.35
Serbia,Europe,SW,5.35,8.65,86.5,0,0.2,0.01,1015.5,29.99,10,6,1,7.25,11.7
Serbia,Europe,W,8.1,13,83,75,0,0,1018,30.06,10,6,1,5.8,9.4
Seychelles Islands,Indian,S,17,27.4,76,68,0,0,1012,29.9,10,6,1,22.4,36
Seychelles Islands,Indian,SE,14.475,23.325,82.75,50,0.4,0.015,1009.75,29.8175,10,6,1,27.05,43.575
Sierra Leone,Africa,S,9.1,14.63333333,86.33333333,68.33333333,0.5,0.02,1014,29.93666667,10,6,1,12,19.3
Sierra Leone,Africa,SW,11.9,19.1,89,62.5,0.7,0.03,1012,29.88,8,4.5,1,20.25,32.6
Sierra Leone,Africa,W,7.466666667,12,90.33333333,88,6.833333333,0.27,1013.666667,29.93666667,8,4.666666667,1,10.3,16.56666667
Singapore,Asia,N,6.9,11.2,94,75,0,0,1011,29.85,9,5,7,12.1,19.4
Singapore,Asia,NE,4.3,6.8,79,75,0.5,0.02,1010,29.83,10,6,6,11.4,18.4
Slovakia,Europe,N,3.2,5.125,83.75,0,0.025,0,1021.5,30.165,10,6,1,7.425,11.975
Slovakia,Europe,NE,4.3,6.8,72,0,0,0,1025,30.27,10,6,1,15.4,24.8
Slovakia,Europe,NW,9.65,15.45,88,25,0,0,1007,29.74,10,6,1,14.75,23.8
Slovenia,Europe,S,3.8,6.1,100,75,6,0.24,1011,29.85,10,6,1,0.9,1.4
Slovenia,Europe,W,4.2,6.78,96.4,30,0.16,0.006,1018.8,30.086,8.8,5.2,1.6,3.6,5.76
Solomon Islands,Pacific,E,9.4,15.1,69,14.5,0,0,1012.5,29.9,10,6,7,10.4,16.75
Solomon Islands,Pacific,N,2.2,3.6,84,75,0.7,0.03,1011,29.85,10,6,6,4.5,7.2
Solomon Islands,Pacific,SW,4.3,6.8,79,75,0.1,0,1008,29.77,10,6,1,5.6,9
Somalia,Africa,S,17.4,28.1,84,75,0,0,1015,29.97,10,6,7,24.2,38.9
Somalia,Africa,SW,15,24.15,84,68,0.2,0.01,1015,29.965,10,6,3,21.8,35.1
South Africa,Africa,E,2.2,3.6,21,0,0,0,1025,30.27,10,6,1,3.8,6.1
South Africa,Africa,N,2.2,3.6,45,0,0,0,1024,30.24,10,6,1,6.4,10.3
South Africa,Africa,NE,7.7,12.36666667,34.33333333,0,0,0,1028.333333,30.36666667,10,6,2.333333333,8.566666667,13.8
South Korea,Asia,E,8.1,13,89,100,0,0,1013,29.91,9,5,1,4.9,7.9
South Korea,Asia,N,4.3,6.8,89,37.5,0.5,0.02,1012.5,29.895,10,6,5.5,4.35,7
South Korea,Asia,S,2.5,4,94,75,0.1,0,1011,29.85,7,4,5,1.8,2.9
Spain,Europe,E,3.25,5.2,60.5,12.5,0,0,1018,30.06,9.5,5.5,1,8.3,13.35
Spain,Europe,N,3.266666667,5.266666667,70.66666667,29.16666667,0.583333333,0.023333333,1016.666667,30.02,9.333333333,5.333333333,1,12.41666667,20
Spain,Europe,NE,2.2,3.6,40,0,0,0,1017,30.03,10,6,1,17.2,27.7
Spain,Europe,SW,3.8,6.1,49,0,0,0,1018,30.06,10,6,6,0.9,1.4
Sri Lanka,Asia,S,8.15,13.15,91.5,75,0,0,1008,29.77,10,6,1,24.05,38.7
Sri Lanka,Asia,SE,5.6,9,94,62.5,2.15,0.085,1009.5,29.815,9.5,5.5,3.5,15.4,24.85
Sri Lanka,Asia,SW,10,16.05,94,62.5,0.95,0.04,1009.5,29.815,8.5,4.5,1,17.55,28.25
Sudan,Africa,S,10.21666667,16.45,55,20.66666667,0.166666667,0.006666667,1010.833333,29.84,10,6,1,14.21666667,22.85
Sudan,Africa,SW,9.871428571,15.87142857,47.14285714,20.14285714,0,0,1009.285714,29.79857143,9.857142857,5.857142857,3,14,22.52857143
Sudan,Africa,W,6.4,10.33333333,67,61.66666667,0.1,0.003333333,1010,29.83,9.666666667,5.666666667,1,10.93333333,17.66666667
Suriname,America,E,3.6,5.733333333,78.66666667,33.33333333,0,0,1011.666667,29.87333333,10,6,1,14.23333333,22.9
Suriname,America,N,2.2,3.6,78.5,25,0,0,1011,29.855,10,6,1,12,19.25
Suriname,America,NE,4.466666667,7.2,75.66666667,33.33333333,0,0,1011,29.85666667,9.666666667,5.666666667,1,13.5,21.7
Swaziland,Africa,N,2.2,3.6,96,69,0,0,1022,30.16,2,1,1,4,6.5
Swaziland,Africa,NW,4.3,6.8,66,0,0,0,1020,30.115,10,6,1,8.9,14.4
Sweden,Europe,N,2.2,3.6,98,45,0.166666667,0.006666667,1014.666667,29.96666667,6.733333333,4,1,5.366666667,8.633333333
Sweden,Europe,SW,6.866666667,11.06666667,88.33333333,25,0,0,1019.333333,30.1,10,6,1,12.86666667,20.63333333
Switzerland,Europe,E,3.45,5.6,91,18.75,0,0,1020.75,30.1425,9.5,5.5,1,5.05,8.1
Switzerland,Europe,N,2.2,3.6,94,0,0,0,1019,30.09,10,6,1,6,9.7
Switzerland,Europe,S,2.2,3.6,92.5,25,0,0,1018,30.06,10,6,1,6.1,9.8
Switzerland,Europe,SE,2.2,3.6,94,0,0,0,1023,30.21,10,6,1,5.6,9
Syria,Asia,E,3.8,6.1,29,0,0,0,1012,29.88,10,6,1,6.9,11.2
Syria,Asia,N,2.2,3.6,41,0,0,0,1013,29.91,10,6,1,7.6,12.2
Syria,Asia,SW,12.125,19.55,58.25,0,0,0,1012,29.885,10,6,1,5.05,8.125
Syria,Asia,W,4.3,6.8,38,0,0,0,1015,29.97,10,6,1,3.6,5.8
Tajikistan,Asia,E,4.3,6.8,59,0,0,0,1015,29.97,10,6,1,5.1,8.3
Tajikistan,Asia,N,2.275,3.7,55.75,6.25,0,0,1015,29.97,9.25,5.5,1,4.775,7.65
Tajikistan,Asia,NE,3.766666667,6.133333333,51.66666667,16.66666667,0,0,1013.666667,29.93,9.333333333,5.333333333,1,4.933333333,7.933333333
Tanzania,Africa,E,9.985714286,16.04285714,62.14285714,7.571428571,0,0,1014.285714,29.95428571,10,6,1,14.57142857,23.45714286
Thailand,Asia,E,2.2,3.6,100,25,0.7,0.03,1006,29.71,10,6,1,1.8,2.9
Thailand,Asia,N,2.2,3.6,100,41.66666667,1.033333333,0.04,1005.666667,29.7,8.666666667,5,1,2.1,3.4
Thailand,Asia,NE,2.5,4,100,75,0.2,0.01,1007,29.74,10,6,1,2.5,4
Thailand,Asia,S,2.2,3.6,63,25,4.8,0.19,1003,29.62,10,6,6,2.9,4.7
Thailand,Asia,SW,6.18,9.96,75.2,35,0.18,0.006,1004.6,29.668,10,6,1,7.16,11.54
Thailand,Asia,W,3.25,5.2,92,50,0,0,1008.5,29.785,10,6,1,4.45,7.2
Tonga,Pacific,E,13.175,21.25,73.25,56.25,0.025,0,1019.5,30.105,10,6,5.25,21.5,34.575
Tonga,Pacific,N,11.9,19.1,74,25,0,0,1016,30,10,6,6,16.1,25.9
Tonga,Pacific,NE,17.4,28.1,74,25,0,0,1017,30.03,10,6,6,21.3,34.2
Tonga,Pacific,SE,10.5,16.9,74,25,0,0,1019,30.09,10,6,6,15,24.1
Trinidad and Tobago,America,E,8.75,14.05,79.5,25,0,0,1011.5,29.87,10,6,1,12.55,20.15
Trinidad and Tobago,America,N,2.2,3.6,90.25,25,0.05,0,1012.5,29.895,10,6,1,12.45,20.075
Trinidad and Tobago,America,SE,4.95,7.9,81.5,25,0,0,1011,29.855,10,6,1,11.95,19.25
Tunisia,Africa,N,5.6,9,83,25,0,0,1014,29.94,10,6,1,11.9,19.1
Tunisia,Africa,NE,2.2,3.6,73,25,0,0,1019,30.09,10,6,1,3.8,6.1
Tunisia,Africa,NW,6.666666667,10.7,76.66666667,41.66666667,0,0,1014,29.94,10,6,1,10.8,17.4
Turkey,Europe,N,4,6.481818182,72.27272727,25,0.181818182,0.007272727,1013.636364,29.93,10,6,1,10.1,16.26363636
Turkey,Europe,NW,2.2,3.6,57,0,0,0,1014,29.94,10,6,1,2.5,4
Turkey,Europe,W,2.35,3.8,58,37.5,0.8,0.03,1011.5,29.87,10,6,4,6.05,9.7
Turkmenistan,Asia,E,2.2,3.6,53,0,0,0,1012,29.88,10,6,1,5.1,8.3
Turkmenistan,Asia,N,2.2,3.6,41.5,0,0,0,1013,29.91,10,6,1,10.75,17.25
Turkmenistan,Asia,NW,11.9,19.1,19,25,0,0,1001,29.56,10,6,8,3.8,6.1
Turkmenistan,Asia,S,3.4,5.4,37,37.5,0,0,1010,29.825,10,6,1,10.75,17.3
Turkmenistan,Asia,SW,4.3,6.8,36,0,0,0,1010,29.83,10,6,1,2.5,4
Tuvalu,Pacific,E,11.775,18.95,84.875,68.75,0.4375,0.015,1011.25,29.85875,10,6,4.75,26.35,42.3875
Tuvalu,Pacific,SE,18.6,29.9,80,75,0.2,0.01,1011,29.85,10,6,6,28.4,45.7
Uganda,Africa,E,6.9,11.2,88,25,0.7,0.03,1018,30.06,10,6,1,3.1,5
Uganda,Africa,N,4.7,7.55,85.5,50,0,0,1016.5,30.015,10,6,1,3.5,5.55
Uganda,Africa,NE,4.3,6.8,94,25,0,0,1018,30.06,10,6,1,7.6,12.2
Uganda,Africa,NW,9.4,15.1,88,50,0.1,0,1019,30.09,10,6,1,6.9,11.2
Uganda,Africa,SE,2.2,3.6,82,12,0,0,1011,29.85,10,6,1,2.9,4.7
Uganda,Africa,SW,15,24.1,69,50,1.5,0.06,1021,30.15,10,6,6,11.6,18.7
Uganda,Africa,W,3.8,6.1,94,25,0,0,1016,30,10,6,1,0,0
Ukraine,Europe,N,6,9.7,81,14,0,0,1023,30.21,10,6,1,12.8,20.5
Ukraine,Europe,W,6,9.7,95,81,9.7,0.38,1007,29.75,6,3,1,10.5,16.9
United Arab Emirates,Asia,N,4.6,7.375,75.75,6.25,0,0,1002,29.59,9.5,5.5,1,10.85,17.475
United Arab Emirates,Asia,NE,4.95,7.9,75,0,0,0,1000.5,29.545,10,6,1,21,33.8
United Arab Emirates,Asia,NW,4.3,6.8,46,0,0,0,1001,29.56,10,6,8,7.8,12.6
United Kingdom,Europe,NE,4.3,6.8,73,0,0,0,1017,30.03,10,6,1,3.6,5.8
United Kingdom,Europe,SE,4.3,6.8,94,100,0,0,1009,29.8,10,6,1,2.2,3.6
United Kingdom,Europe,W,2.2,3.6,75.5,62.5,0,0,1016,30,10,6,1,4.7,7.55
United States of America,America,E,6.9,11.2,30,0,0,0,1013,29.92,16,9,6,3.8,6.1
United States of America,America,NW,12.5,20.2,30,0,0,0,1012,29.88,16,9,6,1.6,2.5
United States of America,America,S,6.9,11.2,20,0,0,0,1011,29.84,16,9,7,4.5,7.2
United States of America,America,SE,5.6,9,42,50,0,0,1012,29.88,16,9,7,6.7,10.8
United States of America,America,W,15,24.1,28,0,0,0,1015,29.97,16,9,7,14.3,23
Uruguay,America,E,9.166666667,14.8,77.66666667,33.33333333,0,0,1019.666667,30.11,9,5.333333333,1,18.73333333,30.13333333
Uruguay,America,N,3,4.85,86,50,0.25,0.01,1010.5,29.84,6.5,3.5,1,12.95,20.9
Uruguay,America,NE,6.9,11.2,93,0,0,0,1024,30.24,10,6,1,10.1,16.2
Uruguay,America,S,18.6,29.9,71,50,0,0,1021,30.15,10,6,1,29.5,47.5
Uruguay,America,W,4.3,6.8,72,0,0,0,1016,30,10,6,1,10.5,16.9
Uzbekistan,Asia,N,4.3,6.8,36,25,0,0,1009,29.8,10,6,1,8.5,13.7
Uzbekistan,Asia,NE,4.3,6.8,63,0,0,0,1016,30,10,6,1,9.8,15.8
Uzbekistan,Asia,S,5.95,9.55,27.5,12.5,0,0,1006.5,29.725,10,6,7.5,5.5,8.85
Vanuatu,Pacific,E,11.24,18.08,82.2,75,1.16,0.046,1014.8,29.964,8.2,4.8,4.4,31.56,50.76
Vanuatu,Pacific,N,5.6,9,79,75,1.3,0.05,1011,29.85,10,6,6,20.6,33.1
Vanuatu,Pacific,SE,12.225,19.7,74.75,70,0.025,0,1017.25,30.0375,10,6,5.5,24.525,39.525
Vanuatu,Pacific,SW,8.1,13,79,25,0.2,0.01,1014,29.94,10,6,5,18.3,29.5
Vatican City,Europe,E,4.3,6.8,53,0,0,0,1016,30,10,6,1,12.3,19.8
Vatican City,Europe,N,6.9,11.2,61,0,0,0,1015,29.97,10,6,1,8.5,13.7
Vatican City,Europe,NE,4.7,7.55,67,25,0,0,1011,29.855,10,6,1,8.15,13.15
Vatican City,Europe,SE,4.3,6.8,53.5,0,0,0,1017.5,30.045,10,6,1,11.4,18.35
Venezuela,America,E,5.166666667,8.266666667,71,50,0.383333333,0.015,1011.333333,29.86333333,10,6,1,7.9,12.7
Venezuela,America,NE,6.9,11.2,79,75,0.5,0.02,1013,29.91,10,6,1,6.5,10.4
Vietnam,Asia,E,6.9,11.2,66,0,0,0,1003,29.62,10,6,8,16.1,25.9
Vietnam,Asia,N,9.4,15.1,55,0,0,0,1008,29.77,10,6,8,13.6,22
Vietnam,Asia,NE,2.5,4,89,100,0,0,1005,29.68,10,6,7,8.3,13.3
Vietnam,Asia,NW,3.26,5.24,89,0,0.02,0,1006,29.71,7,4,6.2,11.6,18.64
Yemen,Asia,E,10.5,16.9,22,0,0,0,1012,29.89,10,6,1,18.8,30.2
Yemen,Asia,NE,3.25,5.25,28,0,0,0,1012,29.89,10,6,1,6.35,10.25
Yemen,Asia,SW,3,4.85,53.5,45.5,0,0,1013.5,29.93,9,5,1,4.35,7
Yemen,Asia,W,2.5,4,40,43,0,0,1012,29.89,10,6,5,4.7,7.6
Zambia,Africa,E,7.6875,12.375,37.125,1.25,0,0,1017.5,30.0425,10,6,1.5,13.2625,21.3625
Zimbabwe,Africa,E,5.1,8.3,34,0,0,0,1018,30.07,10,6,1,10.1,16.2
Zimbabwe,Africa,NE,3.7,5.9,32,1,0,0,1019.5,30.105,10,6,1,7.7,12.4